Year,2024 Passenger Rank,Airport Code,Airport Name,City Name,State Name,Average Fare ($),Inflation Adjusted Average Fare ($),Passengers (10% sample)
2018,1,LAX,Los Angeles International,Los Angeles,CA,352.79,440.72,"12,84,083"
2018,2,ORD,Chicago O'Hare International,Chicago-O'Hare,IL,338.55,422.92,"10,89,038"
2018,3,DEN,Denver International,Denver,CO,302.55,377.95,"10,23,630"
2018,4,ATL,Hartsfield-Jackson Atlanta International,Atlanta,GA,360.85,450.79,"10,12,618"
2018,5,BOS,Logan International,Boston,MA,328.21,410.01,"9,86,868"
2018,6,EWR,Newark Liberty International,Newark,NJ,403.74,504.37,"9,40,299"
2018,7,DFW,Dallas/Fort Worth International,Dallas-DFW,TX,383.43,478.99,"8,94,683"
2018,8,SEA,Seattle/Tacoma International,Seattle,WA,337.31,421.37,"8,80,202"
2018,9,MCO,Orlando International,Orlando,FL,249.74,311.98,"8,45,562"
2018,10,SFO,San Francisco International,San Francisco,CA,379.43,473.99,"8,44,286"
2018,11,PHX,Phoenix Sky Harbor International,Phoenix,AZ,338.57,422.95,"8,25,399"
2018,12,LGA,LaGuardia,New York-La Guardia,NY,329.16,411.19,"7,95,129"
2018,13,JFK,John F. Kennedy International,New York-JFK,NY,390.2,487.45,"7,50,626"
2018,14,LAS,Harry Reid International,Las Vegas,NV,240.35,300.25,"6,75,568"
2018,15,MSP,Minneapolis-St Paul International,Minneapolis,MN,372.21,464.97,"6,57,943"
2018,16,IAH,George Bush Intercontinental/Houston,Houston-Intercontinental,TX,413.66,516.76,"6,27,878"
2018,17,PHL,Philadelphia International,Philadelphia,PA,379.26,473.78,"6,18,958"
2018,18,SAN,San Diego International,San Diego,CA,326.66,408.07,"5,96,023"
2018,19,FLL,Fort Lauderdale-Hollywood International,Fort Lauderdale,FL,245.35,306.5,"5,85,196"
2018,20,DTW,Detroit Metro Wayne County,Detroit,MI,373.37,466.42,"5,72,843"
2018,21,DCA,Ronald Reagan Washington National,Washington-Reagan National,DC,357.42,446.5,"5,47,638"
2018,22,TPA,Tampa International,Tampa,FL,308.88,385.86,"5,34,514"
2018,23,BWI,Baltimore/Washington International Thurgood Marshall,Baltimore,MD,318.44,397.8,"4,89,183"
2018,24,MIA,Miami International,Miami,FL,319.52,399.15,"4,78,084"
2018,25,AUS,Austin - Bergstrom International,Austin,TX,341.51,426.62,"4,72,888"
2018,26,CLT,Charlotte Douglas International,Charlotte,NC,425.77,531.89,"4,46,301"
2018,27,PDX,Portland International,Portland,OR,329.09,411.11,"4,41,785"
2018,28,BNA,Nashville International,Nashville,TN,350.04,437.28,"4,41,195"
2018,29,SLC,Salt Lake City International,Salt Lake City,UT,359.45,449.04,"4,34,499"
2018,30,RDU,Raleigh-Durham International,Raleigh/Durham,NC,344.17,429.94,"4,03,082"
2018,31,SMF,Sacramento International,Sacramento,CA,339.37,423.94,"3,67,629"
2018,32,HNL,Daniel K Inouye International,Honolulu,HI,374.36,467.66,"3,55,128"
2018,33,MDW,Chicago Midway International,Chicago-Midway,IL,305.63,381.8,"3,49,329"
2018,34,STL,St Louis Lambert International,St. Louis,MO,363.48,454.06,"3,17,689"
2018,35,IAD,Washington Dulles International,Washington-Dulles,DC,427.37,533.88,"3,16,263"
2018,36,SJC,Norman Y. Mineta San Jose International,San Jose,CA,298.98,373.49,"3,05,263"
2018,37,MCI,Kansas City International,Kansas City,MO,348.32,435.13,"2,97,424"
2018,38,DAL,Dallas Love Field,Dallas-Love Field,TX,303.32,378.92,"2,89,935"
2018,39,IND,Indianapolis International,Indianapolis,IN,346.15,432.42,"2,89,135"
2018,40,CLE,Cleveland-Hopkins International,Cleveland,OH,319.8,399.5,"2,75,340"
2018,41,PIT,Pittsburgh International,Pittsburgh,PA,349.92,437.13,"2,73,272"
2018,42,OAK,Metro Oakland International,Oakland,CA,287.64,359.33,"2,68,902"
2018,43,MSY,Louis Armstrong New Orleans International,New Orleans,LA,301.66,376.84,"2,68,725"
2018,44,SJU,Luis Munoz Marin International,San Juan,PR,274.87,343.38,"2,62,979"
2018,45,SAT,San Antonio International,San Antonio,TX,356.41,445.24,"2,61,417"
2018,46,CVG,Cincinnati/Northern Kentucky International,Cincinnati,OH,320.78,400.73,"2,54,552"
2018,47,SNA,John Wayne Airport-Orange County,Santa Ana,CA,372.27,465.05,"2,54,126"
2018,48,CMH,John Glenn Columbus International,Columbus,OH,357.79,446.96,"2,44,751"
2018,49,HOU,William P Hobby,Houston-Hobby,TX,338.79,423.22,"2,29,047"
2018,50,RSW,Southwest Florida International,Fort Myers,FL,311.75,389.44,"2,15,751"
2018,51,BDL,Bradley International,Hartford,CT,373.67,466.8,"2,10,677"
2018,52,PBI,Palm Beach International,West Palm Beach/Palm Beach,FL,334.01,417.26,"2,07,211"
2018,53,ONT,Ontario International,Ontario,CA,331.9,414.62,"1,98,746"
2018,54,JAX,Jacksonville International,Jacksonville,FL,360.52,450.37,"1,90,561"
2018,55,BUR,Bob Hope,Burbank,CA,267.28,333.89,"1,83,243"
2018,56,MKE,General Mitchell International,Milwaukee,WI,335.88,419.59,"1,79,994"
2018,57,BUF,Buffalo Niagara International,Buffalo,NY,306.52,382.92,"1,46,872"
2018,58,RIC,Richmond International,Richmond,VA,402.18,502.41,"1,45,166"
2018,59,CHS,Charleston AFB/International,Charleston,SC,355.8,444.47,"1,44,183"
2018,60,OMA,Eppley Airfield,Omaha,NE,356.55,445.41,"1,43,403"
2018,61,BOI,Boise Air Terminal,Boise,ID,345.49,431.59,"1,35,151"
2018,62,ORF,Norfolk International,Norfolk,VA,408.45,510.25,"1,35,070"
2018,63,MEM,Memphis International,Memphis,TN,391.89,489.56,"1,33,439"
2018,64,ABQ,Albuquerque International Sunport,Albuquerque,NM,345.6,431.73,"1,33,295"
2018,65,PVD,Rhode Island Tf Green International,Providence,RI,322.43,402.79,"1,23,931"
2018,66,GRR,Gerald R. Ford International,Grand Rapids,MI,387.58,484.18,"1,22,792"
2018,67,SDF,Louisville Muhammad Ali International,Louisville,KY,387.1,483.58,"1,22,639"
2018,68,OKC,Will Rogers World,Oklahoma City,OK,385.68,481.8,"1,21,164"
2018,69,ELP,El Paso International,El Paso,TX,373.13,466.13,"1,20,309"
2018,70,ANC,Ted Stevens Anchorage International,Anchorage,AK,450.53,562.81,"1,13,291"
2018,71,GEG,Spokane International,Spokane,WA,345.39,431.47,"1,12,587"
2018,72,OGG,Kahului Airport,Kahului,HI,298.09,372.38,"1,12,368"
2018,73,RNO,Reno/Tahoe International,Reno,NV,346.57,432.94,"1,09,805"
2018,74,LGB,Long Beach Airport,Long Beach,CA,215.62,269.36,"1,02,848"
2018,75,TUS,Tucson International,Tucson,AZ,391.47,489.04,"1,02,184"
2018,76,SYR,Syracuse Hancock International,Syracuse,NY,385.92,482.1,"94,536"
2018,77,DSM,Des Moines International,Des Moines,IA,379.37,473.92,"91,115"
2018,78,ALB,Albany International,Albany,NY,399.22,498.72,"88,845"
2018,79,TUL,Tulsa International,Tulsa,OK,394.23,492.48,"88,037"
2018,80,BHM,Birmingham-Shuttlesworth International,Birmingham,AL,443.54,554.08,"87,795"
2018,81,SRQ,Sarasota/Bradenton International,Sarasota/Bradenton,FL,405.06,506.01,"86,365"
2018,82,HPN,Westchester County,White Plains,NY,415.37,518.89,"85,416"
2018,83,SAV,Savannah/Hilton Head International,Savannah,GA,377.74,471.88,"85,268"
2018,84,ROC,Frederick Douglass Grtr Rochester International,Rochester,NY,363.07,453.56,"81,114"
2018,85,TYS,McGhee Tyson,Knoxville,TN,448.12,559.81,"80,983"
2018,86,KOA,Ellison Onizuka Kona International at Keahole,Kona,HI,299.37,373.98,"75,880"
2018,87,GSP,Greenville-Spartanburg International,Greer,SC,419.69,524.29,"74,606"
2018,88,PNS,Pensacola International,Pensacola,FL,429.64,536.71,"72,946"
2018,89,COS,City of Colorado Springs Municipal,Colorado Springs,CO,352.21,439.99,"67,750"
2018,90,MYR,Myrtle Beach International,Myrtle Beach,SC,268.41,335.3,"67,308"
2018,91,MSN,Dane County Regional-Truax Field,Madison,WI,461.73,576.8,"67,201"
2018,92,LIH,Lihue Airport,Lihue,HI,274.37,342.75,"66,233"
2018,93,FAT,Fresno Yosemite International,Fresno,CA,417.48,521.53,"65,689"
2018,94,PWM,Portland International Jetport,Portland,ME,363.81,454.48,"65,280"
2018,95,LIT,Bill and Hillary Clinton Nat Adams Field,Little Rock,AR,425.19,531.15,"63,818"
2018,96,XNA,Northwest Arkansas National,Fayetteville,AR,536.45,670.14,"60,392"
2018,97,BZN,Bozeman Yellowstone International,Bozeman,MT,459.33,573.81,"56,214"
2018,98,AVL,Asheville Regional,Asheville,NC,359.64,449.27,"52,773"
2018,99,PSP,Palm Springs International,Palm Springs,CA,390.57,487.9,"52,513"
2018,100,GSO,Piedmont Triad International,Greensboro/High Point,NC,434.84,543.21,"52,146"
2018,101,ICT,Wichita Dwight D Eisenhower National,Wichita,KS,396.24,495,"50,450"
2018,102,PIE,St Pete Clearwater International,St. Petersburg,FL,128.05,159.97,"48,668"
2018,103,SFB,Orlando Sanford International,Sanford,FL,122.74,153.33,"48,131"
2018,104,EUG,Mahlon Sweet Field,Eugene,OR,366.13,457.38,"48,046"
2018,105,CID,The Eastern Iowa,Cedar Rapids/Iowa City,IA,441.18,551.13,"46,040"
2018,106,HVN,Tweed New Haven,New Haven,CT,368.14,459.89,"45,855"
2018,107,HSV,Huntsville International-Carl T Jones Field,Huntsville,AL,599.3,748.66,"44,464"
2018,108,MDT,Harrisburg International,Harrisburg,PA,467.85,584.45,"42,667"
2018,109,ISP,Long Island MacArthur,Islip,NY,260.55,325.49,"42,627"
2018,110,LEX,Blue Grass,Lexington,KY,428.21,534.94,"42,439"
2018,111,MAF,Midland International Air and Space Port,Midland/Odessa,TX,481.36,601.32,"41,759"
2018,112,FSD,Joe Foss Field,Sioux Falls,SD,428.67,535.5,"40,697"
2018,113,AZA,Phoenix - Mesa Gateway,Phoenix,AZ,149.67,186.98,"40,330"
2018,114,MFE,McAllen International,Mission/McAllen/Edinburg,TX,505.84,631.9,"39,274"
2018,115,VPS,Eglin AFB Destin Fort Walton Beach,Valparaiso,FL,409.17,511.15,"38,296"
2018,116,ILM,Wilmington International,Wilmington,NC,440.64,550.46,"38,008"
2018,117,ITO,Hilo International,Hilo,HI,260.36,325.25,"37,948"
2018,118,SGF,Springfield-Branson National,Springfield,MO,447.17,558.62,"37,755"
2018,119,PGD,Punta Gorda Airport,Punta Gorda,FL,128.64,160.7,"37,063"
2018,120,MHT,Manchester Boston Regional,Manchester,NH,378.03,472.25,"37,031"
2018,121,BTV,Burlington International,Burlington,VT,404.9,505.81,"36,575"
2018,122,SBA,Santa Barbara Municipal,Santa Barbara,CA,510.23,637.39,"36,080"
2018,123,JAN,Jackson Medgar Wiley Evers International,Jackson/Vicksburg,MS,547.21,683.59,"35,868"
2018,124,ATW,Appleton International,Appleton,WI,446.46,557.73,"35,369"
2018,125,CAE,Columbia Metropolitan,Columbia,SC,480.74,600.55,"35,315"
2018,126,DAY,James M Cox/Dayton International,Dayton,OH,420.63,525.46,"35,189"
2018,127,ECP,Northwest Florida Beaches International,Panama City,FL,429.25,536.23,"33,188"
2018,128,RDM,Roberts Field,Bend/Redmond,OR,391.94,489.62,"33,127"
2018,129,FAR,Hector International,Fargo,ND,496.25,619.92,"32,694"
2018,130,CHA,Lovell Field,Chattanooga,TN,426.93,533.33,"31,471"
2018,131,LBB,Lubbock Preston Smith International,Lubbock,TX,425.1,531.04,"30,395"
2018,132,ABE,Lehigh Valley International,Allentown/Bethlehem/Easton,PA,322.7,403.13,"29,795"
2018,133,HRL,Valley International,Harlingen/San Benito,TX,370.05,462.28,"29,191"
2018,134,ACY,Atlantic City International,Atlantic City,NJ,114.65,143.22,"28,530"
2018,135,MFR,Rogue Valley International - Medford,Medford,OR,365.84,457.02,"28,387"
2018,136,SBN,South Bend International,South Bend,IN,396.94,495.86,"27,926"
2018,137,PSC,Tri Cities,Pasco/Kennewick/Richland,WA,420.65,525.48,"27,906"
2018,138,FAI,Fairbanks International,Fairbanks,AK,427.71,534.31,"27,618"
2018,139,PVU,Provo Municipal,Provo,UT,119.15,148.85,"27,400"
2018,140,FWA,Fort Wayne International,Fort Wayne,IN,433.94,542.09,"26,685"
2018,141,TLH,Tallahassee International,Tallahassee,FL,540.39,675.07,"25,686"
2018,142,MSO,Missoula Montana,Missoula,MT,409.33,511.34,"25,558"
2018,143,CAK,Akron-Canton Regional,Akron,OH,366.54,457.89,"25,340"
2018,144,BIL,Billings Logan International,Billings,MT,457.6,571.65,"25,278"
2018,145,STT,Cyril E King,Charlotte Amalie,VI,366.83,458.26,"23,386"
2018,146,BTR,Baton Rouge Metropolitan/Ryan Field,Baton Rouge,LA,481.86,601.95,"22,788"
2018,147,PIA,General Downing - Peoria International,Peoria,IL,351.79,439.46,"22,607"
2018,148,STS,Charles M. Schulz - Sonoma County,Santa Rosa,CA,296.41,370.28,"21,711"
2018,149,AMA,Rick Husband Amarillo International,Amarillo,TX,421.49,526.53,"21,618"
2018,150,FCA,Glacier Park International,Kalispell,MT,438.28,547.51,"21,498"
2018,151,ROA,Roanoke Blacksburg Regional,Roanoke,VA,500,624.61,"21,008"
2018,152,BQN,Rafael Hernandez,Aguadilla,PR,207.9,259.72,"20,736"
2018,153,CHO,Charlottesville Albemarle,Charlottesville,VA,426.07,532.26,"20,466"
2018,154,MLI,Quad Cities International,Moline,IL,391.13,488.61,"20,094"
2018,155,RAP,Rapid City Regional,Rapid City,SD,486.03,607.17,"20,028"
2018,156,SBP,San Luis County Regional,San Luis Obispo,CA,519.13,648.51,"19,797"
2018,157,FNT,Bishop International,Flint,MI,347.3,433.86,"19,789"
2018,158,CRP,Corpus Christi International,Corpus Christi,TX,445.09,556.01,"19,530"
2018,159,SHV,Shreveport Regional,Shreveport,LA,516.37,645.06,"19,446"
2018,160,TVC,Cherry Capital,Traverse City,MI,558.66,697.89,"19,320"
2018,161,BGR,Bangor International,Bangor,ME,395.17,493.65,"19,034"
2018,162,GRB,Green Bay Austin Straubel International,Green Bay,WI,544.1,679.7,"18,187"
2018,163,BIS,Bismarck Municipal,Bismarck/Mandan,ND,444.51,555.3,"17,904"
2018,164,BLI,Bellingham International,Bellingham,WA,259.75,324.49,"17,664"
2018,165,AGS,Augusta Regional at Bush Field,Augusta,GA,448.02,559.68,"17,458"
2018,166,IDA,Idaho Falls Regional,Idaho Falls,ID,490.73,613.03,"17,151"
2018,167,DAB,Daytona Beach International,Daytona Beach,FL,379.37,473.91,"16,860"
2018,168,JAC,Jackson Hole,Jackson,WY,612.68,765.37,"16,840"
2018,169,TTN,Trenton Mercer,Trenton,NJ,132.4,165.4,"16,828"
2018,170,GNV,Gainesville Regional,Gainesville,FL,464.02,579.67,"16,639"
2018,171,EYW,Key West International,Key West,FL,431.86,539.49,"16,616"
2018,172,GPT,Gulfport-Biloxi International,Gulfport/Biloxi,MS,455,568.39,"16,550"
2018,173,MOB,Mobile Regional,Mobile,AL,556.96,695.76,"15,611"
2018,174,LFT,Lafayette Regional Paul Fournet Field,Lafayette,LA,544.16,679.77,"14,541"
2018,175,MRY,Monterey Regional,Monterey,CA,401.46,501.52,"14,130"
2018,176,AVP,Wilkes Barre Scranton International,Scranton/Wilkes-Barre,PA,412.32,515.08,"14,115"
2018,177,JNU,Juneau International,Juneau,AK,426.39,532.65,"14,056"
2018,178,GJT,Grand Junction Regional,Grand Junction,CO,484.45,605.19,"13,880"
2018,179,TRI,Tri Cities,Bristol/Johnson City/Kingsport,TN,544.68,680.43,"12,639"
2018,180,MLB,Melbourne Orlando International,Melbourne,FL,409.78,511.9,"12,470"
2018,181,BRO,Brownsville South Padre Island International,Brownsville,TX,507.53,634.02,"12,172"
2018,182,BFL,Meadows Field,Bakersfield,CA,585.74,731.72,"11,994"
2018,183,DRO,Durango La Plata County,Durango,CO,564.74,705.48,"11,912"
2018,184,CRW,West Virginia International Yeager,Charleston/Dunbar,WV,543.74,679.26,"11,747"
2018,185,ASE,Aspen Pitkin County Sardy Field,Aspen,CO,615.02,768.3,"11,153"
2018,186,BLV,Scott AFB MidAmerica St Louis,Belleville,IL,143.76,179.59,"11,114"
2018,187,GTF,Great Falls International,Great Falls,MT,422.02,527.19,"10,663"
2018,188,EVV,Evansville Regional,Evansville,IN,471.94,589.56,"10,601"
2018,189,FAY,Fayetteville Regional/Grannis Field,Fayetteville,NC,437.1,546.04,"10,527"
2018,190,MOT,Minot International,Minot,ND,484.59,605.36,"10,415"
2018,191,LCK,Rickenbacker International,Columbus,OH,129.7,162.02,"10,393"
2018,192,MGM,Montgomery Regional,Montgomery,AL,558.83,698.1,"10,260"
2018,193,MTJ,Montrose Regional,Montrose/Delta,CO,558.88,698.17,"10,218"
2018,194,LRD,Laredo International,Laredo,TX,467.59,584.12,"9,858"
2018,195,BMI,Central Il Regional Airport at Bloomington,Bloomington/Normal,IL,382.09,477.32,"9,540"
2018,196,ORH,Worcester Regional,Worcester,MA,284.32,355.18,"9,491"
2018,197,RFD,Chicago/Rockford International,Rockford,IL,189.07,236.2,"9,435"
2018,198,STX,Henry E. Rohlsen,Christiansted,VI,389.65,486.76,"8,986"
2018,199,OAJ,Albert J Ellis,Jacksonville/Camp Lejeune,NC,426.92,533.32,"8,903"
2018,200,PSE,Mercedita,Ponce,PR,249.31,311.45,"8,826"
2018,201,SGU,St George Regional,St. George,UT,413.69,516.79,"7,927"
2018,202,EGE,Eagle County Regional,Eagle,CO,636.46,795.08,"7,923"
2018,203,SAF,Santa Fe Municipal,Santa Fe,NM,458.25,572.46,"7,660"
2018,204,SCE,University Park,State College,PA,564.61,705.33,"7,557"
2018,205,ACV,California Redwood Coast Humboldt County,Arcata/Eureka,CA,616.34,769.94,"7,528"
2018,206,DLH,Duluth International,Duluth,MN,518.95,648.29,"7,375"
2018,207,PBG,Plattsburgh International,Plattsburgh,NY,196.24,245.15,"6,860"
2018,208,LAN,Capital Region International,Lansing,MI,465.22,581.16,"6,720"
2018,209,HDN,Yampa Valley,Hayden,CO,575.11,718.45,"6,709"
2018,210,LNK,Lincoln Airport,Lincoln,NE,493.96,617.07,"6,629"
2018,211,USA,Concord Padgett Regional,Concord,NC,128.2,160.15,"6,582"
2018,212,SWF,New York Stewart International,Newburgh/Poughkeepsie,NY,293.1,366.14,"6,432"
2018,213,MBS,MBS International,Saginaw/Bay City/Midland,MI,542.79,678.06,"6,283"
2018,214,HTS,Tri-State/Milton J. Ferguson Field,Ashland,WV,241.9,302.18,"6,189"
2018,215,MLU,Monroe Regional,Monroe,LA,571.77,714.28,"6,137"
2018,216,GRK,Robert Gray AAF,Killeen,TX,436.88,545.76,"5,882"
2018,217,LBE,Arnold Palmer Regional,Latrobe,PA,106.36,132.86,"5,672"
2018,218,AZO,Kalamazoo/Battle Creek International,Kalamazoo,MI,530.67,662.92,"5,637"
2018,219,HLN,Helena Regional,Helena,MT,511.82,639.38,"5,609"
2018,220,ABI,Abilene Regional,Abilene,TX,533.23,666.12,"5,572"
2018,221,ELM,Elmira/Corning Regional,Elmira/Corning,NY,437.56,546.61,"5,534"
2018,222,CPR,Casper/Natrona County International,Casper,WY,554.27,692.41,"5,500"
2018,223,BET,Bethel Airport,Bethel,AK,364.94,455.9,"5,442"
2018,224,ACK,Nantucket Memorial,Nantucket,MA,316.93,395.92,"5,436"
2018,225,LCH,Lake Charles Regional,Lake Charles,LA,581.2,726.06,"5,431"
2018,226,GFK,Grand Forks International,Grand Forks,ND,490.73,613.03,"5,419"
2018,227,KTN,Ketchikan International,Ketchikan,AK,466.41,582.65,"5,377"
2018,228,CWA,Central Wisconsin,Mosinee,WI,541.73,676.74,"5,375"
2018,228,COU,Columbia Regional,Columbia,MO,456.75,570.58,"5,375"
2018,230,RDD,Redding Regional,Redding,CA,467.46,583.96,"5,149"
2018,231,EWN,Coastal Carolina Regional,New Bern/Morehead/Beaufort,NC,443.61,554.17,"5,024"
2018,232,AEX,Alexandria International,Alexandria,LA,560.97,700.78,"5,014"
2018,233,LYH,Lynchburg Regional/Preston Glenn Field,Lynchburg,VA,476.73,595.54,"4,980"
2018,234,MHK,Manhattan Regional,Manhattan/Ft. Riley,KS,512.7,640.48,"4,941"
2018,235,SUN,Friedman Memorial,Sun Valley/Hailey/Ketchum,ID,485.76,606.82,"4,889"
2018,236,CMI,University of Illinois/Willard,Champaign/Urbana,IL,510.99,638.35,"4,867"
2018,237,RST,Rochester International,Rochester,MN,393.79,491.93,"4,832"
2018,238,GUM,Guam International,Guam,TT,1361.02,1700.22,"4,466"
2018,239,TOL,Eugene F Kranz Toledo Express,Toledo,OH,276.94,345.96,"4,355"
2018,240,IAG,Niagara Falls International,Niagara Falls,NY,162.66,203.2,"4,190"
2018,241,YUM,Yuma MCAS/Yuma International,Yuma,AZ,486.77,608.09,"4,071"
2018,242,PHF,Newport News/Williamsburg International,Newport News/Williamsburg,VA,465.86,581.97,"3,955"
2018,243,SCK,Stockton Metro,Stockton,CA,131.55,164.34,"3,948"
2018,244,ITH,Ithaca Tompkins International,Ithaca/Cortland,NY,524.22,654.87,"3,911"
2018,245,GRI,Central Nebraska Regional,Grand Island,NE,312.6,390.51,"3,849"
2018,246,PSM,Portsmouth International at Pease,Portsmouth,NH,200.8,250.85,"3,847"
2018,247,SIT,Sitka Rocky Gutierrez,Sitka,AK,410.1,512.31,"3,745"
2018,248,CLL,Easterwood Field,College Station/Bryan,TX,538.6,672.83,"3,669"
2018,249,PUW,Pullman Moscow Regional,Pullman,WA,397.11,496.08,"3,643"
2018,250,HHH,Hilton Head Airport,Hilton Head,SC,444.11,554.79,"3,578"
2018,251,FLG,Flagstaff Pulliam,Flagstaff,AZ,461.31,576.28,"3,507"
2018,252,ADQ,Kodiak Airport,Kodiak,AK,537,670.84,"3,500"
2018,253,SPI,Abraham Lincoln Capital,Springfield,IL,397.91,497.08,"3,455"
2018,254,LWS,Lewiston Nez Perce County,Lewiston,ID,463.43,578.93,"3,448"
2018,255,SBY,Salisbury-Ocean City/Wicomico Regional,Salisbury,MD,466.3,582.51,"3,343"
2018,256,TYR,Tyler Pounds Regional,Tyler,TX,568.33,709.97,"3,286"
2018,257,ACT,Waco Regional,Waco,TX,534.2,667.33,"3,244"
2018,258,MVY,Martha's Vineyard Airport,Martha's Vineyard,MA,324.82,405.78,"3,230"
2018,259,FSM,Fort Smith Regional,Fort Smith,AR,582.15,727.24,"3,187"
2018,260,CSG,Columbus Airport,Columbus,GA,521.02,650.88,"3,020"
2018,261,ERI,Erie International/Tom Ridge Field,Erie,PA,413.69,516.79,"2,916"
2018,262,VLD,Valdosta Regional,Valdosta,GA,624.89,780.63,"2,803"
2018,263,HGR,Hagerstown Regional-Richard A. Henson Field,Hagerstown,MD,145.88,182.24,"2,783"
2018,264,SJT,San Angelo Regional/Mathis Field,San Angelo,TX,571.55,713.99,"2,754"
2018,265,ROW,Roswell Air Center,Roswell,NM,485.3,606.25,"2,702"
2018,266,EAT,Pangborn Memorial,Wenatchee,WA,387.45,484.01,"2,587"
2018,267,PGV,Pitt Greenville,Greenville,NC,419.17,523.64,"2,490"
2018,268,YKM,Yakima Air Terminal/McAllister Field,Yakima,WA,422.75,528.11,"2,476"
2018,269,GTR,Golden Triangle Regional,Columbus,MS,613.15,765.97,"2,412"
2018,270,LAW,Lawton-Fort Sill Regional,Lawton/Fort Sill,OK,526.14,657.27,"2,405"
2018,271,TXK,Texarkana Regional-Webb Field,Texarkana,AR,511.26,638.68,"2,325"
2018,272,MQT,Marquette Sawyer Regional,Marquette,MI,547.11,683.46,"2,316"
2018,273,OME,Nome Airport,Nome,AK,511.4,638.86,"2,311"
2018,274,CKB,North Central West Virginia,Clarksburg/Fairmont,WV,249.77,312.02,"2,195"
2018,275,GGG,East Texas Regional,Longview,TX,466.77,583.1,"2,190"
2018,276,BPT,Jack Brooks Regional,Beaumont/Port Arthur,TX,461.56,576.59,"2,120"
2018,277,OTZ,Ralph Wien Memorial,Kotzebue,AK,461.31,576.28,"2,107"
2018,278,SWO,Stillwater Regional,Stillwater,OK,470.34,587.57,"2,029"
2018,279,ALW,Walla Walla Regional,Walla Walla,WA,360.27,450.06,"1,977"
2018,280,DHN,Dothan Regional,Dothan,AL,675.55,843.91,"1,974"
2018,281,PPG,Pago Pago International,Pago Pago,TT,1134.42,1417.14,"1,942"
2018,282,LSE,La Crosse Regional,La Crosse,WI,491.78,614.34,"1,939"
2018,283,SCC,Deadhorse Airport,Deadhorse,AK,399.21,498.71,"1,933"
2018,284,BRW,Wiley Post/Will Rogers Memorial,Barrow,AK,499,623.36,"1,914"
2018,285,SPS,Sheppard AFB/Wichita Falls Municipal,Wichita Falls,TX,452,564.64,"1,907"
2018,286,BQK,Brunswick Golden Isles,Brunswick,GA,524.91,655.73,"1,856"
2018,287,TWF,Joslin Field - Magic Valley Regional,Twin Falls,ID,591.39,738.78,"1,848"
2018,288,BGM,Greater Binghamton/Edwin A. Link Field,Binghamton,NY,548.43,685.12,"1,769"
2018,289,CYS,Cheyenne Regional/Jerry Olson Field,Cheyenne,WY,344.17,429.94,"1,741"
2018,290,BJI,Bemidji Regional,Bemidji,MN,560.74,700.49,"1,737"
2018,291,STC,St. Cloud Regional,St. Cloud,MN,222.25,277.64,"1,726"
2018,292,GUC,Gunnison-Crested Butte Regional,Gunnison,CO,587.63,734.08,"1,725"
2018,293,ABY,Southwest Georgia Regional,Albany,GA,569.58,711.53,"1,697"
2018,294,CIU,Chippewa County International,Sault Ste. Marie,MI,581.47,726.39,"1,670"
2018,295,GCC,Northeast Wyoming Regional,Gillette,WY,620.42,775.04,"1,653"
2018,296,COD,Yellowstone Regional,Cody,WY,506.11,632.25,"1,631"
2018,297,GCK,Garden City Regional,Garden City,KS,460.64,575.45,"1,613"
2018,298,FLO,Florence Regional,Florence,SC,423.66,529.25,"1,496"
2018,299,ART,Watertown International,Watertown,NY,462.87,578.23,"1,484"
2018,300,HOB,Lea County Regional,Hobbs,NM,498.41,622.63,"1,481"
2018,301,DIK,Dickinson - Theodore Roosevelt Regional,Dickinson,ND,679.48,848.82,"1,442"
2018,302,RHI,Rhinelander/Oneida County,Rhinelander,WI,553.99,692.06,"1,431"
2018,303,PLN,Pellston Regional Airport of Emmet County,Pellston,MI,650.18,812.22,"1,430"
2018,304,ABR,Aberdeen Regional,Aberdeen,SD,590.5,737.67,"1,417"
2018,305,PIH,Pocatello Regional,Pocatello,ID,573.49,716.42,"1,386"
2018,306,DLG,Dillingham Airport,Dillingham,AK,609.65,761.59,"1,385"
2018,307,SPN,Francisco C. Ada Saipan International,Saipan,TT,536.59,670.33,"1,357"
2018,308,PQI,Presque Isle International,Presque Isle/Houlton,ME,543.18,678.55,"1,349"
2018,309,EAU,Chippewa Valley Regional,Eau Claire,WI,447.11,558.54,"1,210"
2018,310,RKS,Southwest Wyoming Regional,Rock Springs,WY,480.42,600.15,"1,198"
2018,311,IMT,Ford,Iron Mountain/Kingsfd,MI,476.64,595.44,"1,197"
2018,312,OGD,Ogden-Hinckley,Ogden,UT,106.81,133.43,"1,155"
2018,313,CMX,Houghton County Memorial,Hancock/Houghton,MI,568.82,710.59,"1,092"
2018,314,SUX,Sioux Gateway Brig Gen Bud Day Field,Sioux City,IA,457.96,572.1,"1,055"
2018,315,PSG,Petersburg James A Johnson,Petersburg,AK,436.67,545.5,"1,000"
2018,316,BRD,Brainerd Lakes Regional,Brainerd,MN,585.34,731.22,964
2018,317,LAR,Laramie Regional,Laramie,WY,470.49,587.75,961
2018,318,AKN,King Salmon Airport,King Salmon,AK,624.42,780.04,959
2018,319,ESC,Delta County,Escanaba,MI,470.05,587.2,951
2018,320,HYA,Cape Cod Gateway,Hyannis,MA,258.12,322.45,950
2018,321,LBF,North Platte Regional Airport Lee Bird Field,North Platte,NE,390.9,488.32,919
2018,322,BTM,Bert Mooney,Butte,MT,546.85,683.14,907
2018,323,MEI,Key Field,Meridian,MS,495.57,619.08,844
2018,324,JST,John Murtha Johnstown-Cambria County,Johnstown,PA,538.13,672.24,813
2018,325,CDV,Merle K Mudhole Smith,Cordova,AK,392.6,490.45,811
2018,326,VCT,Victoria Regional,Victoria,TX,364.83,455.76,783
2018,327,OTH,Southwest Oregon Regional,North Bend/Coos Bay,OR,517.84,646.9,780
2018,328,EKO,Elko Regional,Elko,NV,672.36,839.93,773
2018,329,SLN,Salina Regional,Salina,KS,304.59,380.5,764
2018,330,SMX,Santa Maria Public/Capt. G. Allan Hancock Field,Santa Maria,CA,130.51,163.04,739
2018,331,HYS,Hays Regional,Hays,KS,462.1,577.27,735
2018,332,CDC,Cedar City Regional,Cedar City,UT,346.63,433.02,732
2018,333,APN,Alpena County Regional,Alpena,MI,571.73,714.22,707
2018,334,JLN,Joplin Regional,Joplin,MO,490.64,612.92,681
2018,335,HIB,Range Regional,Hibbing,MN,585.6,731.54,660
2018,336,BFF,Western Neb. Regional/William B. Heilig Field,Scottsbluff,NE,360.64,450.51,635
2018,337,WRG,Wrangell Airport,Wrangell,AK,428.5,535.29,631
2018,338,EAR,Kearney Regional,Kearney,NE,424.53,530.33,618
2018,339,DEC,Decatur Airport,Decatur,IL,369.17,461.18,596
2018,340,INL,Falls International Einarson Field,International Falls,MN,515.56,644.05,580
2018,341,PRC,Prescott Regional Ernest A Love Field,Prescott,AZ,262.16,327.5,525
2018,342,PIR,Pierre Regional,Pierre,SD,557.04,695.87,507
2018,343,ALO,Waterloo Regional,Waterloo,IA,510.26,637.44,493
2018,344,PIB,Hattiesburg-Laurel Regional,Hattiesburg/Laurel,MS,478.99,598.36,484
2018,345,JMS,Jamestown Regional,Jamestown,ND,425.19,531.16,407
2018,346,DVL,Devils Lake Regional,Devils Lake,ND,463.03,578.43,390
2018,347,DBQ,Dubuque Regional,Dubuque,IA,524.3,654.97,388
2018,348,LBL,Liberal Mid-America Regional,Liberal,KS,361.84,452.02,386
2018,349,DDC,Dodge City Regional,Dodge City,KS,443.16,553.61,384
2018,350,PAH,Barkley Regional,Paducah,KY,445,555.91,376
2018,351,YAK,Yakutat Airport,Yakutat,AK,389.63,486.74,370
2018,352,SHD,Shenandoah Valley Regional,Staunton,VA,376.1,469.84,349
2018,353,LNS,Lancaster Airport,Lancaster,PA,241.8,302.06,320
2018,354,VEL,Vernal Regional,Vernal,UT,366.96,458.41,303
2018,355,ALS,San Luis Valley Regional/Bergman Field,Alamosa,CO,469.56,586.59,295
2018,356,ATY,Watertown Regional,Watertown,SD,450.92,563.3,281
2018,357,WYS,Yellowstone,West Yellowstone,MT,501.83,626.9,259
2018,358,CVN,Clovis Regional,Clovis,NM,590.22,737.32,247
2018,359,CNY,Canyonlands Regional,Moab,UT,266.22,332.57,241
2018,360,LWB,Greenbrier Valley,Lewisburg,WV,424.61,530.44,236
2018,361,LEB,Lebanon Municipal,Lebanon-Hanover,NH,382.03,477.24,231
2018,362,MWA,Veterans Airport of Southern Illinois,Marion/Herrin,IL,462.07,577.22,227
2018,363,OGS,Ogdensburg International,Ogdensburg,NY,199.34,249.03,204
2018,364,MGW,Morgantown Municipal Walter L Bill Hart Field,Morgantown,WV,457.46,571.47,201
2018,365,BHB,Hancock County-Bar Harbor,Bar Harbor,ME,462.31,577.53,193
2018,366,TBN,Waynesville-St. Robert Regional Forney Field,Fort Leonard Wood,MO,445.58,556.64,177
2018,367,GST,Gustavus Airport,Gustavus,AK,236.41,295.33,162
2018,367,TEX,Telluride Regional,Telluride,CO,854,1066.84,162
2018,369,AUG,Augusta State,Augusta/Waterville,ME,356.18,444.95,161
2018,370,CGI,Cape Girardeau Regional,Cape Girardeau,MO,282.71,353.17,155
2018,371,RKD,Knox County Regional,Rockland,ME,467.36,583.83,152
2018,372,PGA,Page Municipal,Page,AZ,513,640.85,143
2018,373,IPL,Imperial County,El Centro,CA,284.86,355.86,141
2018,374,DUJ,DuBois Regional,DuBois,PA,444.86,555.73,140
2018,375,AOO,Altoona-Blair County,Altoona,PA,424.27,530,134
2018,376,IRK,Kirksville Regional,Kirksville,MO,432.45,540.22,133
2018,377,OWB,Owensboro Daviess County Regional,Owensboro,KY,150.9,188.51,129
2018,378,RUT,Rutland - Southern Vermont Regional,Rutland,VT,342.72,428.14,124
2018,379,MKG,Muskegon County,Muskegon,MI,377,470.95,107
2018,380,BKG,Branson Airport,Branson,MO,109.36,136.62,105
2018,380,UIN,Quincy Regional-Baldwin Field,Quincy,IL,310.11,387.39,105
2018,382,CEZ,Cortez Municipal,Cortez,CO,510.6,637.85,98
2018,383,TVF,Thief River Falls Regional,Thief River Falls,MN,500.54,625.29,96
2018,384,PVC,Provincetown Municipal,Provincetown,MA,446.07,557.24,94
2018,385,AIA,Alliance Municipal,Alliance,NE,427.43,533.95,92
2018,386,MSL,Northwest Alabama Regional,Muscle Shoals,AL,501.47,626.44,91
2018,387,PUB,Pueblo Memorial,Pueblo,CO,394.29,492.56,86
2018,387,SLK,Adirondack Regional,Saranac Lake/Lake Placid,NY,447.75,559.34,86
2018,389,MCK,McCook Ben Nelson Regional,McCook,NE,592.06,739.61,67
2018,389,SDY,Sidney Richland Regional,Sidney,MT,547.38,683.8,67
2018,391,HOM,Homer Airport,Homer,AK,615.4,768.78,66
2018,392,DUT,Unalaska Airport,Unalaska,AK,1031.98,1289.18,64
2018,393,BFD,Bradford Regional,Bradford,PA,432.43,540.2,62
2018,393,SOW,Show Low Regional,Show Low,AZ,608,759.53,62
2018,395,GLH,Greenville Mid Delta,Greenville,MS,613.18,766,61
2018,396,VQS,Antonio Rivera Rodriguez,Vieques,PR,441.74,551.83,59
2018,397,ADK,Adak,Adak Island,AK,1032.18,1289.43,57
2018,397,MAZ,Eugenio Maria de Hostos,Mayaguez,PR,363.68,454.31,57
2018,399,MSS,Massena International-Richards Field,Massena,NY,615.33,768.69,52
2018,400,IPT,Williamsport Regional,Williamsport,PA,488.3,609.99,39
2018,400,MKK,Molokai,Hoolehua,HI,223.04,278.63,39
2018,402,CDR,Chadron Municipal,Chadron,NE,402.84,503.24,29
2018,402,GDV,Dawson Community,Glendive,MT,636.28,794.85,29
2018,404,OLF,L. M. Clayton,Wolf Point,MT,669.19,835.97,19
2018,405,PDT,Eastern Oregon Regional at Pendleton,Pendleton,OR,543.97,679.54,17
2018,406,LNY,Lanai Airport,Lanai,HI,344.87,430.82,16
2018,407,CPX,Benjamin Rivera Noriega,Culebra,PR,419.33,523.84,15
2018,408,HVR,Havre City-County,Havre,MT,596.62,745.31,14
2018,409,GGW,Wokal Field Glasgow Valley County,Glasgow,MT,580.22,724.83,12
2018,409,VDZ,Valdez Pioneer Field,Valdez,AK,668.78,835.45,12
2018,411,JHM,Kapalua Airport,Kapalua,HI,315.2,393.76,6
2018,412,CDB,Cold Bay Airport,Cold Bay,AK,931.82,1164.06,5
2018,413,SNP,St. Paul Island,St. Paul,AK,1062.67,1327.51,2
2018,414,SDP,Sand Point,Sandpoint,AK,944.26,1179.6,1
2018,415,CNM,Cavern City Air Terminal,Carlsbad,NM,577.3,721.18, -   
2018,415,CYF,Chefornak Airport,Chefornak,AK,275.5,344.16, -   
2018,415,DRT,Del Rio International,Del Rio,TX,393.96,492.15, -   
2018,415,EMK,Emmonak Airport,Emmonak,AK,997,1245.48, -   
2018,415,ENA,Kenai Municipal,Kenai,AK,588.88,735.64, -   
2018,415,EWB,New Bedford Regional,New Bedford/Fall River,MA,522.5,652.72, -   
2018,415,FKL,Venango Regional,Franklin/Oil City,PA,519,648.35, -   
2018,415,IFP,Laughlin/Bullhead International,Bullhead City,AZ,294.95,368.46, -   
2018,415,ISN,Sloulin Field International,Williston,ND,728.03,909.48, -   
2018,415,KKI,Akiachak Airport,Akiachak,AK,464,579.64, -   
2018,415,MCE,Merced Yosemite Regional,Merced,CA,657.29,821.1, -   
2018,415,MCG,McGrath Airport,McGrath,AK,600.14,749.71, -   
2018,415,MMH,Mammoth Lakes Airport,Mammoth Lakes,CA,225.08,281.18, -   
2018,415,OOK,Toksook Bay,Toksook,AK,574,717.06, -   
2018,415,PQS,Pilot Station Airport,Pilot Station,AK,650.33,812.41, -   
2018,415,ROP,Benjamin Taisacan Manglona International,Rota,TT,929.44,1161.09, -   
2018,415,SHH,Shishmaref Airport,Shishmaref,AK,985.25,1230.8, -   
2018,415,SPB,Charlotte Amalie Harbor Seaplane Base,Charlotte Amalie,VI,491,613.37, -   
2018,415,SSB,Christiansted Harbor Seaplane Base,Christiansted,VI,415.67,519.26, -   
2018,415,SVC,Grant County,Silver City/Hurley,NM,501.56,626.56, -   
2018,415,WMO,White Mountain Airport,White Mountain,AK,428,534.67, -   
2018,415,YNG,Youngstown-Warren Regional,Youngstown/Warren,OH,72,89.94, -   
2024,1,LAX,Los Angeles International,Los Angeles,CA,407.41,407.41,"12,84,083"
2024,2,ORD,Chicago O'Hare International,Chicago-O'Hare,IL,376.15,376.15,"10,89,038"
2024,3,DEN,Denver International,Denver,CO,351.81,351.81,"10,23,630"
2024,4,ATL,Hartsfield-Jackson Atlanta International,Atlanta,GA,409.34,409.34,"10,12,618"
2024,5,BOS,Logan International,Boston,MA,369.65,369.65,"9,86,868"
2024,6,EWR,Newark Liberty International,Newark,NJ,426.52,426.52,"9,40,299"
2024,7,DFW,Dallas/Fort Worth International,Dallas-DFW,TX,415.35,415.35,"8,94,683"
2024,8,SEA,Seattle/Tacoma International,Seattle,WA,396.6,396.6,"8,80,202"
2024,9,MCO,Orlando International,Orlando,FL,275.79,275.79,"8,45,562"
2024,10,SFO,San Francisco International,San Francisco,CA,452.89,452.89,"8,44,286"
2024,11,PHX,Phoenix Sky Harbor International,Phoenix,AZ,370.82,370.82,"8,25,399"
2024,12,LGA,LaGuardia,New York-La Guardia,NY,331.91,331.91,"7,95,129"
2024,13,JFK,John F. Kennedy International,New York-JFK,NY,427.07,427.07,"7,50,626"
2024,14,LAS,Harry Reid International,Las Vegas,NV,285.46,285.46,"6,75,568"
2024,15,MSP,Minneapolis-St Paul International,Minneapolis,MN,392.71,392.71,"6,57,943"
2024,16,IAH,George Bush Intercontinental/Houston,Houston-Intercontinental,TX,406.23,406.23,"6,27,878"
2024,17,PHL,Philadelphia International,Philadelphia,PA,394.54,394.54,"6,18,958"
2024,18,SAN,San Diego International,San Diego,CA,373.79,373.79,"5,96,023"
2024,19,FLL,Fort Lauderdale-Hollywood International,Fort Lauderdale,FL,265.32,265.32,"5,85,196"
2024,20,DTW,Detroit Metro Wayne County,Detroit,MI,431.74,431.74,"5,72,843"
2024,21,DCA,Ronald Reagan Washington National,Washington-Reagan National,DC,379.6,379.6,"5,47,638"
2024,22,TPA,Tampa International,Tampa,FL,330.3,330.3,"5,34,514"
2024,23,BWI,Baltimore/Washington International Thurgood Marshall,Baltimore,MD,362.3,362.3,"4,89,183"
2024,24,MIA,Miami International,Miami,FL,340.57,340.57,"4,78,084"
2024,25,AUS,Austin - Bergstrom International,Austin,TX,398.98,398.98,"4,72,888"
2024,26,CLT,Charlotte Douglas International,Charlotte,NC,422.67,422.67,"4,46,301"
2024,27,PDX,Portland International,Portland,OR,393.33,393.33,"4,41,785"
2024,28,BNA,Nashville International,Nashville,TN,357.19,357.19,"4,41,195"
2024,29,SLC,Salt Lake City International,Salt Lake City,UT,434.26,434.26,"4,34,499"
2024,30,RDU,Raleigh-Durham International,Raleigh/Durham,NC,364.02,364.02,"4,03,082"
2024,31,SMF,Sacramento International,Sacramento,CA,387.84,387.84,"3,67,629"
2024,32,HNL,Daniel K Inouye International,Honolulu,HI,369.74,369.74,"3,55,128"
2024,33,MDW,Chicago Midway International,Chicago-Midway,IL,306.96,306.96,"3,49,329"
2024,34,STL,St Louis Lambert International,St. Louis,MO,397.36,397.36,"3,17,689"
2024,35,IAD,Washington Dulles International,Washington-Dulles,DC,490.14,490.14,"3,16,263"
2024,36,SJC,Norman Y. Mineta San Jose International,San Jose,CA,336.26,336.26,"3,05,263"
2024,37,MCI,Kansas City International,Kansas City,MO,401.47,401.47,"2,97,424"
2024,38,DAL,Dallas Love Field,Dallas-Love Field,TX,337.15,337.15,"2,89,935"
2024,39,IND,Indianapolis International,Indianapolis,IN,385.38,385.38,"2,89,135"
2024,40,CLE,Cleveland-Hopkins International,Cleveland,OH,362.71,362.71,"2,75,340"
2024,41,PIT,Pittsburgh International,Pittsburgh,PA,367.09,367.09,"2,73,272"
2024,42,OAK,Metro Oakland International,Oakland,CA,319.09,319.09,"2,68,902"
2024,43,MSY,Louis Armstrong New Orleans International,New Orleans,LA,333.69,333.69,"2,68,725"
2024,44,SJU,Luis Munoz Marin International,San Juan,PR,277.9,277.9,"2,62,979"
2024,45,SAT,San Antonio International,San Antonio,TX,398.9,398.9,"2,61,417"
2024,46,CVG,Cincinnati/Northern Kentucky International,Cincinnati,OH,360.66,360.66,"2,54,552"
2024,47,SNA,John Wayne Airport-Orange County,Santa Ana,CA,430.95,430.95,"2,54,126"
2024,48,CMH,John Glenn Columbus International,Columbus,OH,395.21,395.21,"2,44,751"
2024,49,HOU,William P Hobby,Houston-Hobby,TX,350.1,350.1,"2,29,047"
2024,50,RSW,Southwest Florida International,Fort Myers,FL,343.86,343.86,"2,15,751"
2024,51,BDL,Bradley International,Hartford,CT,375.58,375.58,"2,10,677"
2024,52,PBI,Palm Beach International,West Palm Beach/Palm Beach,FL,349.33,349.33,"2,07,211"
2024,53,ONT,Ontario International,Ontario,CA,374.08,374.08,"1,98,746"
2024,54,JAX,Jacksonville International,Jacksonville,FL,404.13,404.13,"1,90,561"
2024,55,BUR,Bob Hope,Burbank,CA,317.95,317.95,"1,83,243"
2024,56,MKE,General Mitchell International,Milwaukee,WI,394.91,394.91,"1,79,994"
2024,57,BUF,Buffalo Niagara International,Buffalo,NY,338.73,338.73,"1,46,872"
2024,58,RIC,Richmond International,Richmond,VA,407.1,407.1,"1,45,166"
2024,59,CHS,Charleston AFB/International,Charleston,SC,359.39,359.39,"1,44,183"
2024,60,OMA,Eppley Airfield,Omaha,NE,423.3,423.3,"1,43,403"
2024,61,BOI,Boise Air Terminal,Boise,ID,408.16,408.16,"1,35,151"
2024,62,ORF,Norfolk International,Norfolk,VA,415.07,415.07,"1,35,070"
2024,63,MEM,Memphis International,Memphis,TN,411.66,411.66,"1,33,439"
2024,64,ABQ,Albuquerque International Sunport,Albuquerque,NM,409.64,409.64,"1,33,295"
2024,65,PVD,Rhode Island Tf Green International,Providence,RI,342.14,342.14,"1,23,931"
2024,66,GRR,Gerald R. Ford International,Grand Rapids,MI,408.04,408.04,"1,22,792"
2024,67,SDF,Louisville Muhammad Ali International,Louisville,KY,389.45,389.45,"1,22,639"
2024,68,OKC,Will Rogers World,Oklahoma City,OK,442.33,442.33,"1,21,164"
2024,69,ELP,El Paso International,El Paso,TX,399.24,399.24,"1,20,309"
2024,70,ANC,Ted Stevens Anchorage International,Anchorage,AK,530.75,530.75,"1,13,291"
2024,71,GEG,Spokane International,Spokane,WA,427.07,427.07,"1,12,587"
2024,72,OGG,Kahului Airport,Kahului,HI,283.32,283.32,"1,12,368"
2024,73,RNO,Reno/Tahoe International,Reno,NV,388.44,388.44,"1,09,805"
2024,74,LGB,Long Beach Airport,Long Beach,CA,329.02,329.02,"1,02,848"
2024,75,TUS,Tucson International,Tucson,AZ,447.17,447.17,"1,02,184"
2024,76,SYR,Syracuse Hancock International,Syracuse,NY,375.19,375.19,"94,536"
2024,77,DSM,Des Moines International,Des Moines,IA,395.07,395.07,"91,115"
2024,78,ALB,Albany International,Albany,NY,429.69,429.69,"88,845"
2024,79,TUL,Tulsa International,Tulsa,OK,436.69,436.69,"88,037"
2024,80,BHM,Birmingham-Shuttlesworth International,Birmingham,AL,496.14,496.14,"87,795"
2024,81,SRQ,Sarasota/Bradenton International,Sarasota/Bradenton,FL,334.8,334.8,"86,365"
2024,82,HPN,Westchester County,White Plains,NY,350.97,350.97,"85,416"
2024,83,SAV,Savannah/Hilton Head International,Savannah,GA,399.56,399.56,"85,268"
2024,84,ROC,Frederick Douglass Grtr Rochester International,Rochester,NY,386.48,386.48,"81,114"
2024,85,TYS,McGhee Tyson,Knoxville,TN,426.22,426.22,"80,983"
2024,86,KOA,Ellison Onizuka Kona International at Keahole,Kona,HI,281.52,281.52,"75,880"
2024,87,GSP,Greenville-Spartanburg International,Greer,SC,462.97,462.97,"74,606"
2024,88,PNS,Pensacola International,Pensacola,FL,411.93,411.93,"72,946"
2024,89,COS,City of Colorado Springs Municipal,Colorado Springs,CO,402.21,402.21,"67,750"
2024,90,MYR,Myrtle Beach International,Myrtle Beach,SC,281.65,281.65,"67,308"
2024,91,MSN,Dane County Regional-Truax Field,Madison,WI,499.58,499.58,"67,201"
2024,92,LIH,Lihue Airport,Lihue,HI,266.94,266.94,"66,233"
2024,93,FAT,Fresno Yosemite International,Fresno,CA,445.25,445.25,"65,689"
2024,94,PWM,Portland International Jetport,Portland,ME,418.28,418.28,"65,280"
2024,95,LIT,Bill and Hillary Clinton Nat Adams Field,Little Rock,AR,453.62,453.62,"63,818"
2024,96,XNA,Northwest Arkansas National,Fayetteville,AR,464.78,464.78,"60,392"
2024,97,BZN,Bozeman Yellowstone International,Bozeman,MT,424,424,"56,214"
2024,98,AVL,Asheville Regional,Asheville,NC,329.04,329.04,"52,773"
2024,99,PSP,Palm Springs International,Palm Springs,CA,428.31,428.31,"52,513"
2024,100,GSO,Piedmont Triad International,Greensboro/High Point,NC,471.5,471.5,"52,146"
2024,101,ICT,Wichita Dwight D Eisenhower National,Wichita,KS,436.63,436.63,"50,450"
2024,102,PIE,St Pete Clearwater International,St. Petersburg,FL,129.18,129.18,"48,668"
2024,103,SFB,Orlando Sanford International,Sanford,FL,123.12,123.12,"48,131"
2024,104,EUG,Mahlon Sweet Field,Eugene,OR,413.99,413.99,"48,046"
2024,105,CID,The Eastern Iowa,Cedar Rapids/Iowa City,IA,407.1,407.1,"46,040"
2024,106,HVN,Tweed New Haven,New Haven,CT,179.17,179.17,"45,855"
2024,107,HSV,Huntsville International-Carl T Jones Field,Huntsville,AL,538.24,538.24,"44,464"
2024,108,MDT,Harrisburg International,Harrisburg,PA,454,454,"42,667"
2024,109,ISP,Long Island MacArthur,Islip,NY,271.6,271.6,"42,627"
2024,110,LEX,Blue Grass,Lexington,KY,451.7,451.7,"42,439"
2024,111,MAF,Midland International Air and Space Port,Midland/Odessa,TX,419.89,419.89,"41,759"
2024,112,FSD,Joe Foss Field,Sioux Falls,SD,420.24,420.24,"40,697"
2024,113,AZA,Phoenix - Mesa Gateway,Phoenix,AZ,146.95,146.95,"40,330"
2024,114,MFE,McAllen International,Mission/McAllen/Edinburg,TX,397.41,397.41,"39,274"
2024,115,VPS,Eglin AFB Destin Fort Walton Beach,Valparaiso,FL,383.44,383.44,"38,296"
2024,116,ILM,Wilmington International,Wilmington,NC,487.79,487.79,"38,008"
2024,117,ITO,Hilo International,Hilo,HI,214.43,214.43,"37,948"
2024,118,SGF,Springfield-Branson National,Springfield,MO,456.23,456.23,"37,755"
2024,119,PGD,Punta Gorda Airport,Punta Gorda,FL,144.49,144.49,"37,063"
2024,120,MHT,Manchester Boston Regional,Manchester,NH,414.72,414.72,"37,031"
2024,121,BTV,Burlington International,Burlington,VT,488.52,488.52,"36,575"
2024,122,SBA,Santa Barbara Municipal,Santa Barbara,CA,454.5,454.5,"36,080"
2024,123,JAN,Jackson Medgar Wiley Evers International,Jackson/Vicksburg,MS,496.64,496.64,"35,868"
2024,124,ATW,Appleton International,Appleton,WI,399.73,399.73,"35,369"
2024,125,CAE,Columbia Metropolitan,Columbia,SC,509.31,509.31,"35,315"
2024,126,DAY,James M Cox/Dayton International,Dayton,OH,482.76,482.76,"35,189"
2024,127,ECP,Northwest Florida Beaches International,Panama City,FL,434.09,434.09,"33,188"
2024,128,RDM,Roberts Field,Bend/Redmond,OR,456.47,456.47,"33,127"
2024,129,FAR,Hector International,Fargo,ND,463.44,463.44,"32,694"
2024,130,CHA,Lovell Field,Chattanooga,TN,521.13,521.13,"31,471"
2024,131,LBB,Lubbock Preston Smith International,Lubbock,TX,448.1,448.1,"30,395"
2024,132,ABE,Lehigh Valley International,Allentown/Bethlehem/Easton,PA,279.81,279.81,"29,795"
2024,133,HRL,Valley International,Harlingen/San Benito,TX,338.59,338.59,"29,191"
2024,134,ACY,Atlantic City International,Atlantic City,NJ,143.28,143.28,"28,530"
2024,135,MFR,Rogue Valley International - Medford,Medford,OR,447.42,447.42,"28,387"
2024,136,SBN,South Bend International,South Bend,IN,413.1,413.1,"27,926"
2024,137,PSC,Tri Cities,Pasco/Kennewick/Richland,WA,492.7,492.7,"27,906"
2024,138,FAI,Fairbanks International,Fairbanks,AK,525.21,525.21,"27,618"
2024,139,PVU,Provo Municipal,Provo,UT,141.5,141.5,"27,400"
2024,140,FWA,Fort Wayne International,Fort Wayne,IN,421.76,421.76,"26,685"
2024,141,TLH,Tallahassee International,Tallahassee,FL,554.31,554.31,"25,686"
2024,142,MSO,Missoula Montana,Missoula,MT,484.34,484.34,"25,558"
2024,143,CAK,Akron-Canton Regional,Akron,OH,268.5,268.5,"25,340"
2024,144,BIL,Billings Logan International,Billings,MT,489.11,489.11,"25,278"
2024,145,STT,Cyril E King,Charlotte Amalie,VI,373.06,373.06,"23,386"
2024,146,BTR,Baton Rouge Metropolitan/Ryan Field,Baton Rouge,LA,510.23,510.23,"22,788"
2024,147,PIA,General Downing - Peoria International,Peoria,IL,355.23,355.23,"22,607"
2024,148,STS,Charles M. Schulz - Sonoma County,Santa Rosa,CA,306.18,306.18,"21,711"
2024,149,AMA,Rick Husband Amarillo International,Amarillo,TX,436.41,436.41,"21,618"
2024,150,FCA,Glacier Park International,Kalispell,MT,491.94,491.94,"21,498"
2024,151,ROA,Roanoke Blacksburg Regional,Roanoke,VA,519.68,519.68,"21,008"
2024,152,BQN,Rafael Hernandez,Aguadilla,PR,238.18,238.18,"20,736"
2024,153,CHO,Charlottesville Albemarle,Charlottesville,VA,488.31,488.31,"20,466"
2024,154,MLI,Quad Cities International,Moline,IL,433.31,433.31,"20,094"
2024,155,RAP,Rapid City Regional,Rapid City,SD,465.38,465.38,"20,028"
2024,156,SBP,San Luis County Regional,San Luis Obispo,CA,530.2,530.2,"19,797"
2024,157,FNT,Bishop International,Flint,MI,249.31,249.31,"19,789"
2024,158,CRP,Corpus Christi International,Corpus Christi,TX,500.3,500.3,"19,530"
2024,159,PAE,Snohomish County,Everett,WA,385.33,385.33,"19,523"
2024,160,SHV,Shreveport Regional,Shreveport,LA,516.94,516.94,"19,446"
2024,161,TVC,Cherry Capital,Traverse City,MI,501.7,501.7,"19,320"
2024,162,BGR,Bangor International,Bangor,ME,433.09,433.09,"19,034"
2024,163,GRB,Green Bay Austin Straubel International,Green Bay,WI,552.43,552.43,"18,187"
2024,164,BIS,Bismarck Municipal,Bismarck/Mandan,ND,468.54,468.54,"17,904"
2024,165,BLI,Bellingham International,Bellingham,WA,283.95,283.95,"17,664"
2024,166,AGS,Augusta Regional at Bush Field,Augusta,GA,556.55,556.55,"17,458"
2024,167,IDA,Idaho Falls Regional,Idaho Falls,ID,482.25,482.25,"17,151"
2024,168,DAB,Daytona Beach International,Daytona Beach,FL,476.41,476.41,"16,860"
2024,169,JAC,Jackson Hole,Jackson,WY,585.31,585.31,"16,840"
2024,170,TTN,Trenton Mercer,Trenton,NJ,157.59,157.59,"16,828"
2024,171,GNV,Gainesville Regional,Gainesville,FL,551.1,551.1,"16,639"
2024,172,EYW,Key West International,Key West,FL,414.67,414.67,"16,616"
2024,173,GPT,Gulfport-Biloxi International,Gulfport/Biloxi,MS,467.88,467.88,"16,550"
2024,174,MOB,Mobile Regional,Mobile,AL,528.27,528.27,"15,611"
2024,175,LFT,Lafayette Regional Paul Fournet Field,Lafayette,LA,586.8,586.8,"14,541"
2024,176,MRY,Monterey Regional,Monterey,CA,476.01,476.01,"14,130"
2024,177,AVP,Wilkes Barre Scranton International,Scranton/Wilkes-Barre,PA,488.15,488.15,"14,115"
2024,178,JNU,Juneau International,Juneau,AK,472.62,472.62,"14,056"
2024,179,GJT,Grand Junction Regional,Grand Junction,CO,521.4,521.4,"13,880"
2024,180,TRI,Tri Cities,Bristol/Johnson City/Kingsport,TN,604.02,604.02,"12,639"
2024,181,MLB,Melbourne Orlando International,Melbourne,FL,485.43,485.43,"12,470"
2024,182,BRO,Brownsville South Padre Island International,Brownsville,TX,376.72,376.72,"12,172"
2024,183,BFL,Meadows Field,Bakersfield,CA,558.21,558.21,"11,994"
2024,184,DRO,Durango La Plata County,Durango,CO,575.08,575.08,"11,912"
2024,185,CRW,West Virginia International Yeager,Charleston/Dunbar,WV,531.58,531.58,"11,747"
2024,186,ASE,Aspen Pitkin County Sardy Field,Aspen,CO,656.36,656.36,"11,153"
2024,187,BLV,Scott AFB MidAmerica St Louis,Belleville,IL,134.69,134.69,"11,114"
2024,188,GTF,Great Falls International,Great Falls,MT,482.63,482.63,"10,663"
2024,189,EVV,Evansville Regional,Evansville,IN,556.64,556.64,"10,601"
2024,190,FAY,Fayetteville Regional/Grannis Field,Fayetteville,NC,506.48,506.48,"10,527"
2024,191,MOT,Minot International,Minot,ND,465.87,465.87,"10,415"
2024,192,LCK,Rickenbacker International,Columbus,OH,137.59,137.59,"10,393"
2024,193,MGM,Montgomery Regional,Montgomery,AL,541.16,541.16,"10,260"
2024,194,MTJ,Montrose Regional,Montrose/Delta,CO,443.16,443.16,"10,218"
2024,195,ILG,New Castle,Wilmington,DE,174.2,174.2,"10,215"
2024,196,LRD,Laredo International,Laredo,TX,409.98,409.98,"9,858"
2024,197,BMI,Central Il Regional Airport at Bloomington,Bloomington/Normal,IL,464.09,464.09,"9,540"
2024,198,ORH,Worcester Regional,Worcester,MA,292.54,292.54,"9,491"
2024,199,RFD,Chicago/Rockford International,Rockford,IL,170.8,170.8,"9,435"
2024,200,STX,Henry E. Rohlsen,Christiansted,VI,366.63,366.63,"8,986"
2024,201,OAJ,Albert J Ellis,Jacksonville/Camp Lejeune,NC,518.81,518.81,"8,903"
2024,202,PSE,Mercedita,Ponce,PR,198.55,198.55,"8,826"
2024,203,SGU,St George Regional,St. George,UT,582.51,582.51,"7,927"
2024,204,EGE,Eagle County Regional,Eagle,CO,650.84,650.84,"7,923"
2024,205,SAF,Santa Fe Municipal,Santa Fe,NM,544.59,544.59,"7,660"
2024,206,SCE,University Park,State College,PA,634.61,634.61,"7,557"
2024,207,ACV,California Redwood Coast Humboldt County,Arcata/Eureka,CA,478.59,478.59,"7,528"
2024,208,DLH,Duluth International,Duluth,MN,553.7,553.7,"7,375"
2024,209,PBG,Plattsburgh International,Plattsburgh,NY,195.35,195.35,"6,860"
2024,210,LAN,Capital Region International,Lansing,MI,441.87,441.87,"6,720"
2024,211,HDN,Yampa Valley,Hayden,CO,459.5,459.5,"6,709"
2024,212,XWA,Williston Basin International,Williston,ND,595.08,595.08,"6,630"
2024,213,LNK,Lincoln Airport,Lincoln,NE,559.33,559.33,"6,629"
2024,214,USA,Concord Padgett Regional,Concord,NC,112.03,112.03,"6,582"
2024,215,SWF,New York Stewart International,Newburgh/Poughkeepsie,NY,163.54,163.54,"6,432"
2024,216,MBS,MBS International,Saginaw/Bay City/Midland,MI,575.67,575.67,"6,283"
2024,217,HTS,Tri-State/Milton J. Ferguson Field,Ashland,WV,260.9,260.9,"6,189"
2024,218,MLU,Monroe Regional,Monroe,LA,601.06,601.06,"6,137"
2024,219,GRK,Robert Gray AAF,Killeen,TX,576.2,576.2,"5,882"
2024,220,LBE,Arnold Palmer Regional,Latrobe,PA,139.7,139.7,"5,672"
2024,221,AZO,Kalamazoo/Battle Creek International,Kalamazoo,MI,495.71,495.71,"5,637"
2024,222,HLN,Helena Regional,Helena,MT,585.19,585.19,"5,609"
2024,223,ABI,Abilene Regional,Abilene,TX,590.56,590.56,"5,572"
2024,224,ELM,Elmira/Corning Regional,Elmira/Corning,NY,396.33,396.33,"5,534"
2024,225,CPR,Casper/Natrona County International,Casper,WY,591.61,591.61,"5,500"
2024,226,BET,Bethel Airport,Bethel,AK,420.66,420.66,"5,442"
2024,227,ACK,Nantucket Memorial,Nantucket,MA,321.21,321.21,"5,436"
2024,228,LCH,Lake Charles Regional,Lake Charles,LA,503.09,503.09,"5,431"
2024,229,GFK,Grand Forks International,Grand Forks,ND,523.67,523.67,"5,419"
2024,230,KTN,Ketchikan International,Ketchikan,AK,498.14,498.14,"5,377"
2024,231,CWA,Central Wisconsin,Mosinee,WI,558.16,558.16,"5,375"
2024,231,COU,Columbia Regional,Columbia,MO,636.87,636.87,"5,375"
2024,233,RDD,Redding Regional,Redding,CA,461.87,461.87,"5,149"
2024,234,EWN,Coastal Carolina Regional,New Bern/Morehead/Beaufort,NC,553.65,553.65,"5,024"
2024,235,AEX,Alexandria International,Alexandria,LA,631.45,631.45,"5,014"
2024,236,LYH,Lynchburg Regional/Preston Glenn Field,Lynchburg,VA,564.42,564.42,"4,980"
2024,237,MHK,Manhattan Regional,Manhattan/Ft. Riley,KS,561.36,561.36,"4,941"
2024,238,SUN,Friedman Memorial,Sun Valley/Hailey/Ketchum,ID,643.84,643.84,"4,889"
2024,239,CMI,University of Illinois/Willard,Champaign/Urbana,IL,592.51,592.51,"4,867"
2024,240,RST,Rochester International,Rochester,MN,504.91,504.91,"4,832"
2024,241,VRB,Vero Beach Regional,Vero Beach,FL,182.23,182.23,"4,646"
2024,242,GUM,Guam International,Guam,TT,1636.7,1636.7,"4,466"
2024,243,TOL,Eugene F Kranz Toledo Express,Toledo,OH,166.39,166.39,"4,355"
2024,244,IAG,Niagara Falls International,Niagara Falls,NY,168.63,168.63,"4,190"
2024,245,YUM,Yuma MCAS/Yuma International,Yuma,AZ,692.1,692.1,"4,071"
2024,246,PHF,Newport News/Williamsburg International,Newport News/Williamsburg,VA,550.19,550.19,"3,955"
2024,247,SCK,Stockton Metro,Stockton,CA,127.51,127.51,"3,948"
2024,248,ITH,Ithaca Tompkins International,Ithaca/Cortland,NY,498.84,498.84,"3,911"
2024,249,GRI,Central Nebraska Regional,Grand Island,NE,371.25,371.25,"3,849"
2024,250,PSM,Portsmouth International at Pease,Portsmouth,NH,201.51,201.51,"3,847"
2024,251,SIT,Sitka Rocky Gutierrez,Sitka,AK,462.11,462.11,"3,745"
2024,252,CLL,Easterwood Field,College Station/Bryan,TX,557.32,557.32,"3,669"
2024,253,PUW,Pullman Moscow Regional,Pullman,WA,478.2,478.2,"3,643"
2024,254,HHH,Hilton Head Airport,Hilton Head,SC,425.25,425.25,"3,578"
2024,255,FLG,Flagstaff Pulliam,Flagstaff,AZ,646.65,646.65,"3,507"
2024,256,ADQ,Kodiak Airport,Kodiak,AK,546.04,546.04,"3,500"
2024,257,SPI,Abraham Lincoln Capital,Springfield,IL,238.17,238.17,"3,455"
2024,258,LWS,Lewiston Nez Perce County,Lewiston,ID,519.1,519.1,"3,448"
2024,259,SBY,Salisbury-Ocean City/Wicomico Regional,Salisbury,MD,690.53,690.53,"3,343"
2024,260,TYR,Tyler Pounds Regional,Tyler,TX,606.36,606.36,"3,286"
2024,261,ACT,Waco Regional,Waco,TX,586.68,586.68,"3,244"
2024,262,MVY,Martha's Vineyard Airport,Martha's Vineyard,MA,330.41,330.41,"3,230"
2024,263,FSM,Fort Smith Regional,Fort Smith,AR,679.13,679.13,"3,187"
2024,264,CSG,Columbus Airport,Columbus,GA,610.75,610.75,"3,020"
2024,265,ERI,Erie International/Tom Ridge Field,Erie,PA,523.03,523.03,"2,916"
2024,266,VLD,Valdosta Regional,Valdosta,GA,677.86,677.86,"2,803"
2024,267,HGR,Hagerstown Regional-Richard A. Henson Field,Hagerstown,MD,116.81,116.81,"2,783"
2024,268,SJT,San Angelo Regional/Mathis Field,San Angelo,TX,749.89,749.89,"2,754"
2024,269,ROW,Roswell Air Center,Roswell,NM,549.95,549.95,"2,702"
2024,270,EAT,Pangborn Memorial,Wenatchee,WA,552.7,552.7,"2,587"
2024,271,PGV,Pitt Greenville,Greenville,NC,507.41,507.41,"2,490"
2024,272,YKM,Yakima Air Terminal/McAllister Field,Yakima,WA,575.41,575.41,"2,476"
2024,273,GTR,Golden Triangle Regional,Columbus,MS,668.6,668.6,"2,412"
2024,274,LAW,Lawton-Fort Sill Regional,Lawton/Fort Sill,OK,545.73,545.73,"2,405"
2024,275,TXK,Texarkana Regional-Webb Field,Texarkana,AR,570.15,570.15,"2,325"
2024,276,MQT,Marquette Sawyer Regional,Marquette,MI,609.06,609.06,"2,316"
2024,277,OME,Nome Airport,Nome,AK,558.65,558.65,"2,311"
2024,278,CKB,North Central West Virginia,Clarksburg/Fairmont,WV,200.41,200.41,"2,195"
2024,279,GGG,East Texas Regional,Longview,TX,547.9,547.9,"2,190"
2024,280,BPT,Jack Brooks Regional,Beaumont/Port Arthur,TX,491.82,491.82,"2,120"
2024,281,OTZ,Ralph Wien Memorial,Kotzebue,AK,524.71,524.71,"2,107"
2024,282,SWO,Stillwater Regional,Stillwater,OK,524.09,524.09,"2,029"
2024,283,SLE,McNary Field,Salem,OR,143.14,143.14,"1,979"
2024,284,ALW,Walla Walla Regional,Walla Walla,WA,508.21,508.21,"1,977"
2024,285,DHN,Dothan Regional,Dothan,AL,816.91,816.91,"1,974"
2024,286,PPG,Pago Pago International,Pago Pago,TT,1282.8,1282.8,"1,942"
2024,287,LSE,La Crosse Regional,La Crosse,WI,643.32,643.32,"1,939"
2024,288,SCC,Deadhorse Airport,Deadhorse,AK,531.62,531.62,"1,933"
2024,289,BRW,Wiley Post/Will Rogers Memorial,Barrow,AK,514.41,514.41,"1,914"
2024,290,SPS,Sheppard AFB/Wichita Falls Municipal,Wichita Falls,TX,534.47,534.47,"1,907"
2024,291,BQK,Brunswick Golden Isles,Brunswick,GA,609.7,609.7,"1,856"
2024,292,TWF,Joslin Field - Magic Valley Regional,Twin Falls,ID,758.8,758.8,"1,848"
2024,293,BGM,Greater Binghamton/Edwin A. Link Field,Binghamton,NY,408.22,408.22,"1,769"
2024,294,CYS,Cheyenne Regional/Jerry Olson Field,Cheyenne,WY,557.76,557.76,"1,741"
2024,295,BJI,Bemidji Regional,Bemidji,MN,688.12,688.12,"1,737"
2024,296,STC,St. Cloud Regional,St. Cloud,MN,211.22,211.22,"1,726"
2024,297,GUC,Gunnison-Crested Butte Regional,Gunnison,CO,642.22,642.22,"1,725"
2024,298,ABY,Southwest Georgia Regional,Albany,GA,764.48,764.48,"1,697"
2024,299,CIU,Chippewa County International,Sault Ste. Marie,MI,693.69,693.69,"1,670"
2024,300,GCC,Northeast Wyoming Regional,Gillette,WY,653.76,653.76,"1,653"
2024,301,COD,Yellowstone Regional,Cody,WY,671.46,671.46,"1,631"
2024,302,GCK,Garden City Regional,Garden City,KS,593.41,593.41,"1,613"
2024,303,FLO,Florence Regional,Florence,SC,536.43,536.43,"1,496"
2024,304,SHR,Sheridan County,Sheridan,WY,685.84,685.84,"1,488"
2024,305,ART,Watertown International,Watertown,NY,427.41,427.41,"1,484"
2024,306,HOB,Lea County Regional,Hobbs,NM,476.09,476.09,"1,481"
2024,307,DIK,Dickinson - Theodore Roosevelt Regional,Dickinson,ND,583.95,583.95,"1,442"
2024,308,RHI,Rhinelander/Oneida County,Rhinelander,WI,721.09,721.09,"1,431"
2024,309,PLN,Pellston Regional Airport of Emmet County,Pellston,MI,732.45,732.45,"1,430"
2024,310,ABR,Aberdeen Regional,Aberdeen,SD,725.58,725.58,"1,417"
2024,311,PIH,Pocatello Regional,Pocatello,ID,780.07,780.07,"1,386"
2024,312,DLG,Dillingham Airport,Dillingham,AK,541.95,541.95,"1,385"
2024,313,LAL,Lakeland Linder International,Lakeland,FL,137.37,137.37,"1,361"
2024,314,SPN,Francisco C. Ada Saipan International,Saipan,TT,612.12,612.12,"1,357"
2024,315,PQI,Presque Isle International,Presque Isle/Houlton,ME,426.83,426.83,"1,349"
2024,316,SBD,San Bernardino International,San Bernardino,CA,118.14,118.14,"1,217"
2024,317,EAU,Chippewa Valley Regional,Eau Claire,WI,207.91,207.91,"1,210"
2024,318,RKS,Southwest Wyoming Regional,Rock Springs,WY,573.51,573.51,"1,198"
2024,319,IMT,Ford,Iron Mountain/Kingsfd,MI,623.38,623.38,"1,197"
2024,320,RIW,Central Wyoming Regional,Riverton/Lander,WY,594.08,594.08,"1,179"
2024,321,OGD,Ogden-Hinckley,Ogden,UT,123.32,123.32,"1,155"
2024,322,CMX,Houghton County Memorial,Hancock/Houghton,MI,630.5,630.5,"1,092"
2024,323,SUX,Sioux Gateway Brig Gen Bud Day Field,Sioux City,IA,497.55,497.55,"1,055"
2024,324,PSG,Petersburg James A Johnson,Petersburg,AK,489.85,489.85,"1,000"
2024,325,BRD,Brainerd Lakes Regional,Brainerd,MN,651.88,651.88,964
2024,326,LAR,Laramie Regional,Laramie,WY,506.81,506.81,961
2024,327,AKN,King Salmon Airport,King Salmon,AK,555.67,555.67,959
2024,328,ESC,Delta County,Escanaba,MI,581.65,581.65,951
2024,329,HYA,Cape Cod Gateway,Hyannis,MA,305.27,305.27,950
2024,330,LBF,North Platte Regional Airport Lee Bird Field,North Platte,NE,506.21,506.21,919
2024,331,BTM,Bert Mooney,Butte,MT,617.47,617.47,907
2024,332,MEI,Key Field,Meridian,MS,521.52,521.52,844
2024,333,JST,John Murtha Johnstown-Cambria County,Johnstown,PA,512.98,512.98,813
2024,334,CDV,Merle K Mudhole Smith,Cordova,AK,479.88,479.88,811
2024,335,VCT,Victoria Regional,Victoria,TX,525.58,525.58,783
2024,336,OTH,Southwest Oregon Regional,North Bend/Coos Bay,OR,529.41,529.41,780
2024,337,EKO,Elko Regional,Elko,NV,795.48,795.48,773
2024,338,SLN,Salina Regional,Salina,KS,459.32,459.32,764
2024,339,SMX,Santa Maria Public/Capt. G. Allan Hancock Field,Santa Maria,CA,113.8,113.8,739
2024,340,HYS,Hays Regional,Hays,KS,475.97,475.97,735
2024,341,CDC,Cedar City Regional,Cedar City,UT,541.64,541.64,732
2024,342,APN,Alpena County Regional,Alpena,MI,688.07,688.07,707
2024,343,JLN,Joplin Regional,Joplin,MO,477.35,477.35,681
2024,344,HIB,Range Regional,Hibbing,MN,660.57,660.57,660
2024,345,BFF,Western Neb. Regional/William B. Heilig Field,Scottsbluff,NE,491.5,491.5,635
2024,346,WRG,Wrangell Airport,Wrangell,AK,528.71,528.71,631
2024,347,EAR,Kearney Regional,Kearney,NE,622.12,622.12,618
2024,348,DEC,Decatur Airport,Decatur,IL,470.43,470.43,596
2024,349,INL,Falls International Einarson Field,International Falls,MN,666.32,666.32,580
2024,350,PRC,Prescott Regional Ernest A Love Field,Prescott,AZ,625.42,625.42,525
2024,351,PIR,Pierre Regional,Pierre,SD,703.09,703.09,507
2024,352,ALO,Waterloo Regional,Waterloo,IA,524.99,524.99,493
2024,353,PIB,Hattiesburg-Laurel Regional,Hattiesburg/Laurel,MS,546.33,546.33,484
2024,354,JMS,Jamestown Regional,Jamestown,ND,499.19,499.19,407
2024,355,DVL,Devils Lake Regional,Devils Lake,ND,473.65,473.65,390
2024,356,DBQ,Dubuque Regional,Dubuque,IA,274.76,274.76,388
2024,357,LBL,Liberal Mid-America Regional,Liberal,KS,445.1,445.1,386
2024,358,DDC,Dodge City Regional,Dodge City,KS,418.71,418.71,384
2024,359,PAH,Barkley Regional,Paducah,KY,666.23,666.23,376
2024,360,BFM,Mobile International,Mobile,AL,97.08,97.08,371
2024,361,YAK,Yakutat Airport,Yakutat,AK,550.91,550.91,370
2024,362,SHD,Shenandoah Valley Regional,Staunton,VA,597.02,597.02,349
2024,363,LNS,Lancaster Airport,Lancaster,PA,251.07,251.07,320
2024,364,VEL,Vernal Regional,Vernal,UT,540.22,540.22,303
2024,365,FOD,Fort Dodge Regional,Fort Dodge,IA,427.2,427.2,298
2024,366,BIH,Bishop Airport,Bishop,CA,474.81,474.81,296
2024,367,ALS,San Luis Valley Regional/Bergman Field,Alamosa,CO,575.45,575.45,295
2024,368,ATY,Watertown Regional,Watertown,SD,555.8,555.8,281
2024,369,WYS,Yellowstone,West Yellowstone,MT,484.59,484.59,259
2024,370,CVN,Clovis Regional,Clovis,NM,616.17,616.17,247
2024,371,CNY,Canyonlands Regional,Moab,UT,430.23,430.23,241
2024,372,LWB,Greenbrier Valley,Lewisburg,WV,533.68,533.68,236
2024,373,LEB,Lebanon Municipal,Lebanon-Hanover,NH,492.05,492.05,231
2024,374,MWA,Veterans Airport of Southern Illinois,Marion/Herrin,IL,507.19,507.19,227
2024,375,MCW,Mason City Municipal,Mason City,IA,426.16,426.16,219
2024,376,BKW,Raleigh County Memorial,Beckley,WV,624.11,624.11,206
2024,377,OGS,Ogdensburg International,Ogdensburg,NY,340.73,340.73,204
2024,378,MGW,Morgantown Municipal Walter L Bill Hart Field,Morgantown,WV,508.94,508.94,201
2024,379,BHB,Hancock County-Bar Harbor,Bar Harbor,ME,548.43,548.43,193
2024,380,TBN,Waynesville-St. Robert Regional Forney Field,Fort Leonard Wood,MO,450.42,450.42,177
2024,381,PKB,Mid-Ohio Valley Regional,Parkersburg,WV,600.55,600.55,174
2024,382,GST,Gustavus Airport,Gustavus,AK,240.72,240.72,162
2024,382,TEX,Telluride Regional,Telluride,CO,780.71,780.71,162
2024,384,AUG,Augusta State,Augusta/Waterville,ME,517.89,517.89,161
2024,385,CGI,Cape Girardeau Regional,Cape Girardeau,MO,537.16,537.16,155
2024,386,RKD,Knox County Regional,Rockland,ME,554.12,554.12,152
2024,387,IWD,Gogebic-Iron County,Ironwood,MI,514.46,514.46,148
2024,388,MBL,Manistee County-Blacker,Manistee/Ludington,MI,477.02,477.02,145
2024,389,PGA,Page Municipal,Page,AZ,441.02,441.02,143
2024,390,IPL,Imperial County,El Centro,CA,439.48,439.48,141
2024,391,DUJ,DuBois Regional,DuBois,PA,489.84,489.84,140
2024,392,AOO,Altoona-Blair County,Altoona,PA,576.27,576.27,134
2024,393,IRK,Kirksville Regional,Kirksville,MO,492.34,492.34,133
2024,394,OWB,Owensboro Daviess County Regional,Owensboro,KY,510.15,510.15,129
2024,395,LAF,Purdue University,Lafayette,IN,577.48,577.48,128
2024,396,TUP,Tupelo Regional,Tupelo,MS,512.57,512.57,126
2024,397,RUT,Rutland - Southern Vermont Regional,Rutland,VT,452.56,452.56,124
2024,398,MKG,Muskegon County,Muskegon,MI,467.21,467.21,107
2024,399,BKG,Branson Airport,Branson,MO,94.88,94.88,105
2024,399,UIN,Quincy Regional-Baldwin Field,Quincy,IL,473.41,473.41,105
2024,401,CEZ,Cortez Municipal,Cortez,CO,535.83,535.83,98
2024,402,BRL,Southeast Iowa Regional,Burlington,IA,462.77,462.77,96
2024,402,TVF,Thief River Falls Regional,Thief River Falls,MN,603.39,603.39,96
2024,404,PVC,Provincetown Municipal,Provincetown,MA,593.98,593.98,94
2024,405,AIA,Alliance Municipal,Alliance,NE,576.59,576.59,92
2024,406,MSL,Northwest Alabama Regional,Muscle Shoals,AL,522.51,522.51,91
2024,407,PUB,Pueblo Memorial,Pueblo,CO,412.91,412.91,86
2024,407,SLK,Adirondack Regional,Saranac Lake/Lake Placid,NY,529.28,529.28,86
2024,409,MCK,McCook Ben Nelson Regional,McCook,NE,509.9,509.9,67
2024,409,SDY,Sidney Richland Regional,Sidney,MT,573.06,573.06,67
2024,411,HOM,Homer Airport,Homer,AK,716.15,716.15,66
2024,412,DUT,Unalaska Airport,Unalaska,AK,1321.86,1321.86,64
2024,413,BFD,Bradford Regional,Bradford,PA,542.58,542.58,62
2024,413,SOW,Show Low Regional,Show Low,AZ,507.47,507.47,62
2024,415,GLH,Greenville Mid Delta,Greenville,MS,582.79,582.79,61
2024,416,VQS,Antonio Rivera Rodriguez,Vieques,PR,634.31,634.31,59
2024,417,ADK,Adak,Adak Island,AK,825.72,825.72,57
2024,417,MAZ,Eugenio Maria de Hostos,Mayaguez,PR,565.04,565.04,57
2024,419,MSS,Massena International-Richards Field,Massena,NY,494.1,494.1,52
2024,420,MKK,Molokai,Hoolehua,HI,433.41,433.41,39
2024,420,HOT,Memorial Field,Hot Springs,AR,543.77,543.77,39
2024,420,IPT,Williamsport Regional,Williamsport,PA,480.9,480.9,39
2024,423,HRO,Boone County,Harrison,AR,497.9,497.9,30
2024,424,CDR,Chadron Municipal,Chadron,NE,456.72,456.72,29
2024,424,GDV,Dawson Community,Glendive,MT,579.17,579.17,29
2024,426,ELD,South Arkansas Regional at Goodwin Field,El Dorado,AR,461.79,461.79,24
2024,427,JBR,Jonesboro Municipal,Jonesboro,AR,448.55,448.55,20
2024,428,OLF,L. M. Clayton,Wolf Point,MT,506.95,506.95,19
2024,429,PDT,Eastern Oregon Regional at Pendleton,Pendleton,OR,522.47,522.47,17
2024,429,MKL,McKellar-Sipes Regional,Jackson,TN,613.71,613.71,17
2024,431,LNY,Lanai Airport,Lanai,HI,490.13,490.13,16
2024,432,CPX,Benjamin Rivera Noriega,Culebra,PR,395.4,395.4,15
2024,433,HVR,Havre City-County,Havre,MT,597.29,597.29,14
2024,434,GGW,Wokal Field Glasgow Valley County,Glasgow,MT,675.83,675.83,12
2024,434,VDZ,Valdez Pioneer Field,Valdez,AK,861.67,861.67,12
2024,436,JHM,Kapalua Airport,Kapalua,HI,900.83,900.83,6
2024,436,SGY,Skagway Airport,Skagway,AK,797.5,797.5,6
2024,438,CDB,Cold Bay Airport,Cold Bay,AK,1038.4,1038.4,5
2024,439,UNK,Unalakleet Airport,Unalakleet,AK,1405.5,1405.5,2
2024,439,SNP,St. Paul Island,St. Paul,AK,1776,1776,2
2024,439,KSM,St. Mary's Airport,St. Mary's,AK,861.5,861.5,2
2024,439,MCN,Middle Georgia Regional,Macon,GA,429,429,2
2024,443,PEC,Pelican Seaplane Base,Pelican,AK,681,681,1
2024,443,SDP,Sand Point,Sandpoint,AK,1362,1362,1
2019,1,LAX,Los Angeles International,Los Angeles,CA,356.56,437.49,"12,84,083"
2019,2,ORD,Chicago O'Hare International,Chicago-O'Hare,IL,344.89,423.18,"10,89,038"
2019,3,DEN,Denver International,Denver,CO,300.48,368.69,"10,23,630"
2019,4,ATL,Hartsfield-Jackson Atlanta International,Atlanta,GA,370.49,454.58,"10,12,618"
2019,5,BOS,Logan International,Boston,MA,337.73,414.4,"9,86,868"
2019,6,EWR,Newark Liberty International,Newark,NJ,407.21,499.64,"9,40,299"
2019,7,DFW,Dallas/Fort Worth International,Dallas-DFW,TX,402.57,493.95,"8,94,683"
2019,8,SEA,Seattle/Tacoma International,Seattle,WA,336.51,412.9,"8,80,202"
2019,9,MCO,Orlando International,Orlando,FL,251.75,308.89,"8,45,562"
2019,10,SFO,San Francisco International,San Francisco,CA,397.16,487.32,"8,44,286"
2019,11,PHX,Phoenix Sky Harbor International,Phoenix,AZ,348.77,427.94,"8,25,399"
2019,12,LGA,LaGuardia,New York-La Guardia,NY,334.38,410.28,"7,95,129"
2019,13,JFK,John F. Kennedy International,New York-JFK,NY,402.31,493.63,"7,50,626"
2019,14,LAS,Harry Reid International,Las Vegas,NV,243.05,298.22,"6,75,568"
2019,15,MSP,Minneapolis-St Paul International,Minneapolis,MN,367.09,450.41,"6,57,943"
2019,16,IAH,George Bush Intercontinental/Houston,Houston-Intercontinental,TX,406.9,499.26,"6,27,878"
2019,17,PHL,Philadelphia International,Philadelphia,PA,370.65,454.78,"6,18,958"
2019,18,SAN,San Diego International,San Diego,CA,327.6,401.97,"5,96,023"
2019,19,FLL,Fort Lauderdale-Hollywood International,Fort Lauderdale,FL,257.61,316.09,"5,85,196"
2019,20,DTW,Detroit Metro Wayne County,Detroit,MI,378.03,463.84,"5,72,843"
2019,21,DCA,Ronald Reagan Washington National,Washington-Reagan National,DC,372.2,456.68,"5,47,638"
2019,22,TPA,Tampa International,Tampa,FL,308.48,378.5,"5,34,514"
2019,23,BWI,Baltimore/Washington International Thurgood Marshall,Baltimore,MD,324.64,398.33,"4,89,183"
2019,24,MIA,Miami International,Miami,FL,335.34,411.46,"4,78,084"
2019,25,AUS,Austin - Bergstrom International,Austin,TX,339.52,416.59,"4,72,888"
2019,26,CLT,Charlotte Douglas International,Charlotte,NC,411.88,505.37,"4,46,301"
2019,27,PDX,Portland International,Portland,OR,338.41,415.23,"4,41,785"
2019,28,BNA,Nashville International,Nashville,TN,336.26,412.58,"4,41,195"
2019,29,SLC,Salt Lake City International,Salt Lake City,UT,376.25,461.66,"4,34,499"
2019,30,RDU,Raleigh-Durham International,Raleigh/Durham,NC,329.6,404.41,"4,03,082"
2019,31,SMF,Sacramento International,Sacramento,CA,334.84,410.85,"3,67,629"
2019,32,HNL,Daniel K Inouye International,Honolulu,HI,343.89,421.95,"3,55,128"
2019,33,MDW,Chicago Midway International,Chicago-Midway,IL,310.71,381.24,"3,49,329"
2019,34,STL,St Louis Lambert International,St. Louis,MO,367.13,450.46,"3,17,689"
2019,35,IAD,Washington Dulles International,Washington-Dulles,DC,456.06,559.58,"3,16,263"
2019,36,SJC,Norman Y. Mineta San Jose International,San Jose,CA,295.91,363.08,"3,05,263"
2019,37,MCI,Kansas City International,Kansas City,MO,365,447.85,"2,97,424"
2019,38,DAL,Dallas Love Field,Dallas-Love Field,TX,319.69,392.25,"2,89,935"
2019,39,IND,Indianapolis International,Indianapolis,IN,360.7,442.58,"2,89,135"
2019,40,CLE,Cleveland-Hopkins International,Cleveland,OH,316.18,387.95,"2,75,340"
2019,41,PIT,Pittsburgh International,Pittsburgh,PA,355.88,436.66,"2,73,272"
2019,42,OAK,Metro Oakland International,Oakland,CA,295.91,363.08,"2,68,902"
2019,43,MSY,Louis Armstrong New Orleans International,New Orleans,LA,295.42,362.48,"2,68,725"
2019,44,SJU,Luis Munoz Marin International,San Juan,PR,281.33,345.19,"2,62,979"
2019,45,SAT,San Antonio International,San Antonio,TX,358.86,440.32,"2,61,417"
2019,46,CVG,Cincinnati/Northern Kentucky International,Cincinnati,OH,327.66,402.04,"2,54,552"
2019,47,SNA,John Wayne Airport-Orange County,Santa Ana,CA,384.67,471.98,"2,54,126"
2019,48,CMH,John Glenn Columbus International,Columbus,OH,359.4,440.98,"2,44,751"
2019,49,HOU,William P Hobby,Houston-Hobby,TX,339.28,416.29,"2,29,047"
2019,50,RSW,Southwest Florida International,Fort Myers,FL,307.17,376.89,"2,15,751"
2019,51,BDL,Bradley International,Hartford,CT,377.71,463.44,"2,10,677"
2019,52,PBI,Palm Beach International,West Palm Beach/Palm Beach,FL,337.61,414.25,"2,07,211"
2019,53,ONT,Ontario International,Ontario,CA,335,411.04,"1,98,746"
2019,54,JAX,Jacksonville International,Jacksonville,FL,340.54,417.83,"1,90,561"
2019,55,BUR,Bob Hope,Burbank,CA,279.28,342.67,"1,83,243"
2019,56,MKE,General Mitchell International,Milwaukee,WI,348.61,427.74,"1,79,994"
2019,57,BUF,Buffalo Niagara International,Buffalo,NY,316.21,387.99,"1,46,872"
2019,58,RIC,Richmond International,Richmond,VA,393.69,483.05,"1,45,166"
2019,59,CHS,Charleston AFB/International,Charleston,SC,353.36,433.57,"1,44,183"
2019,60,OMA,Eppley Airfield,Omaha,NE,369.9,453.87,"1,43,403"
2019,61,BOI,Boise Air Terminal,Boise,ID,351.11,430.8,"1,35,151"
2019,62,ORF,Norfolk International,Norfolk,VA,401.16,492.22,"1,35,070"
2019,63,MEM,Memphis International,Memphis,TN,386.02,473.65,"1,33,439"
2019,64,ABQ,Albuquerque International Sunport,Albuquerque,NM,368.31,451.92,"1,33,295"
2019,65,PVD,Rhode Island Tf Green International,Providence,RI,337.59,414.22,"1,23,931"
2019,66,GRR,Gerald R. Ford International,Grand Rapids,MI,374.78,459.85,"1,22,792"
2019,67,SDF,Louisville Muhammad Ali International,Louisville,KY,379.19,465.26,"1,22,639"
2019,68,OKC,Will Rogers World,Oklahoma City,OK,389.49,477.91,"1,21,164"
2019,69,ELP,El Paso International,El Paso,TX,374.29,459.25,"1,20,309"
2019,70,ANC,Ted Stevens Anchorage International,Anchorage,AK,449.73,551.81,"1,13,291"
2019,71,GEG,Spokane International,Spokane,WA,353.36,433.57,"1,12,587"
2019,72,OGG,Kahului Airport,Kahului,HI,273.27,335.3,"1,12,368"
2019,73,RNO,Reno/Tahoe International,Reno,NV,346.56,425.22,"1,09,805"
2019,74,LGB,Long Beach Airport,Long Beach,CA,231.61,284.18,"1,02,848"
2019,75,TUS,Tucson International,Tucson,AZ,388.44,476.61,"1,02,184"
2019,76,SYR,Syracuse Hancock International,Syracuse,NY,357.39,438.51,"94,536"
2019,77,DSM,Des Moines International,Des Moines,IA,381.76,468.41,"91,115"
2019,78,ALB,Albany International,Albany,NY,386.14,473.79,"88,845"
2019,79,TUL,Tulsa International,Tulsa,OK,402.55,493.93,"88,037"
2019,80,BHM,Birmingham-Shuttlesworth International,Birmingham,AL,444.62,545.55,"87,795"
2019,81,SRQ,Sarasota/Bradenton International,Sarasota/Bradenton,FL,353.07,433.21,"86,365"
2019,82,HPN,Westchester County,White Plains,NY,404.8,496.69,"85,416"
2019,83,SAV,Savannah/Hilton Head International,Savannah,GA,365.39,448.33,"85,268"
2019,84,ROC,Frederick Douglass Grtr Rochester International,Rochester,NY,365.85,448.9,"81,114"
2019,85,TYS,McGhee Tyson,Knoxville,TN,401.84,493.05,"80,983"
2019,86,KOA,Ellison Onizuka Kona International at Keahole,Kona,HI,269.9,331.16,"75,880"
2019,87,GSP,Greenville-Spartanburg International,Greer,SC,403.71,495.35,"74,606"
2019,88,PNS,Pensacola International,Pensacola,FL,411.23,504.57,"72,946"
2019,89,COS,City of Colorado Springs Municipal,Colorado Springs,CO,383.22,470.21,"67,750"
2019,90,MYR,Myrtle Beach International,Myrtle Beach,SC,263.35,323.13,"67,308"
2019,91,MSN,Dane County Regional-Truax Field,Madison,WI,441.83,542.12,"67,201"
2019,92,LIH,Lihue Airport,Lihue,HI,270.21,331.54,"66,233"
2019,93,FAT,Fresno Yosemite International,Fresno,CA,405.17,497.14,"65,689"
2019,94,PWM,Portland International Jetport,Portland,ME,367.29,450.66,"65,280"
2019,95,LIT,Bill and Hillary Clinton Nat Adams Field,Little Rock,AR,416.44,510.97,"63,818"
2019,96,XNA,Northwest Arkansas National,Fayetteville,AR,485.03,595.13,"60,392"
2019,97,BZN,Bozeman Yellowstone International,Bozeman,MT,414.06,508.05,"56,214"
2019,98,AVL,Asheville Regional,Asheville,NC,309.95,380.31,"52,773"
2019,99,PSP,Palm Springs International,Palm Springs,CA,372.76,457.37,"52,513"
2019,100,GSO,Piedmont Triad International,Greensboro/High Point,NC,416.59,511.15,"52,146"
2019,101,ICT,Wichita Dwight D Eisenhower National,Wichita,KS,393.41,482.71,"50,450"
2019,102,PIE,St Pete Clearwater International,St. Petersburg,FL,128.55,157.73,"48,668"
2019,103,SFB,Orlando Sanford International,Sanford,FL,123.24,151.22,"48,131"
2019,104,EUG,Mahlon Sweet Field,Eugene,OR,377.76,463.5,"48,046"
2019,105,CID,The Eastern Iowa,Cedar Rapids/Iowa City,IA,409.31,502.21,"46,040"
2019,106,HVN,Tweed New Haven,New Haven,CT,377.44,463.11,"45,855"
2019,107,HSV,Huntsville International-Carl T Jones Field,Huntsville,AL,542.66,665.84,"44,464"
2019,108,MDT,Harrisburg International,Harrisburg,PA,410.67,503.89,"42,667"
2019,109,ISP,Long Island MacArthur,Islip,NY,262.19,321.7,"42,627"
2019,110,LEX,Blue Grass,Lexington,KY,413.89,507.84,"42,439"
2019,111,MAF,Midland International Air and Space Port,Midland/Odessa,TX,481.66,590.99,"41,759"
2019,112,FSD,Joe Foss Field,Sioux Falls,SD,414.78,508.93,"40,697"
2019,113,AZA,Phoenix - Mesa Gateway,Phoenix,AZ,142.6,174.97,"40,330"
2019,114,MFE,McAllen International,Mission/McAllen/Edinburg,TX,432.24,530.35,"39,274"
2019,115,VPS,Eglin AFB Destin Fort Walton Beach,Valparaiso,FL,392.77,481.93,"38,296"
2019,116,ILM,Wilmington International,Wilmington,NC,427.24,524.22,"38,008"
2019,117,ITO,Hilo International,Hilo,HI,254.04,311.71,"37,948"
2019,118,SGF,Springfield-Branson National,Springfield,MO,419.77,515.05,"37,755"
2019,119,PGD,Punta Gorda Airport,Punta Gorda,FL,139.79,171.52,"37,063"
2019,120,MHT,Manchester Boston Regional,Manchester,NH,388.05,476.13,"37,031"
2019,121,BTV,Burlington International,Burlington,VT,396.29,486.24,"36,575"
2019,122,SBA,Santa Barbara Municipal,Santa Barbara,CA,442.72,543.21,"36,080"
2019,123,JAN,Jackson Medgar Wiley Evers International,Jackson/Vicksburg,MS,493.08,605,"35,868"
2019,124,ATW,Appleton International,Appleton,WI,430.9,528.72,"35,369"
2019,125,CAE,Columbia Metropolitan,Columbia,SC,460.85,565.46,"35,315"
2019,126,DAY,James M Cox/Dayton International,Dayton,OH,437.92,537.32,"35,189"
2019,127,ECP,Northwest Florida Beaches International,Panama City,FL,394.24,483.73,"33,188"
2019,128,RDM,Roberts Field,Bend/Redmond,OR,384,471.17,"33,127"
2019,129,FAR,Hector International,Fargo,ND,447.63,549.24,"32,694"
2019,130,CHA,Lovell Field,Chattanooga,TN,420.6,516.07,"31,471"
2019,131,LBB,Lubbock Preston Smith International,Lubbock,TX,416,510.43,"30,395"
2019,132,ABE,Lehigh Valley International,Allentown/Bethlehem/Easton,PA,319.56,392.1,"29,795"
2019,133,HRL,Valley International,Harlingen/San Benito,TX,351.74,431.58,"29,191"
2019,134,ACY,Atlantic City International,Atlantic City,NJ,128.15,157.24,"28,530"
2019,135,MFR,Rogue Valley International - Medford,Medford,OR,366.76,450.02,"28,387"
2019,136,SBN,South Bend International,South Bend,IN,381.55,468.16,"27,926"
2019,137,PSC,Tri Cities,Pasco/Kennewick/Richland,WA,405.2,497.17,"27,906"
2019,138,FAI,Fairbanks International,Fairbanks,AK,421.48,517.16,"27,618"
2019,139,PVU,Provo Municipal,Provo,UT,112.75,138.34,"27,400"
2019,140,FWA,Fort Wayne International,Fort Wayne,IN,412.36,505.97,"26,685"
2019,141,TLH,Tallahassee International,Tallahassee,FL,515.15,632.08,"25,686"
2019,142,MSO,Missoula Montana,Missoula,MT,396.52,486.52,"25,558"
2019,143,CAK,Akron-Canton Regional,Akron,OH,356.38,437.27,"25,340"
2019,144,BIL,Billings Logan International,Billings,MT,433.82,532.3,"25,278"
2019,145,STT,Cyril E King,Charlotte Amalie,VI,348.73,427.89,"23,386"
2019,146,BTR,Baton Rouge Metropolitan/Ryan Field,Baton Rouge,LA,471.96,579.08,"22,788"
2019,147,PIA,General Downing - Peoria International,Peoria,IL,348.8,427.98,"22,607"
2019,148,STS,Charles M. Schulz - Sonoma County,Santa Rosa,CA,324.37,398,"21,711"
2019,149,AMA,Rick Husband Amarillo International,Amarillo,TX,427.73,524.82,"21,618"
2019,150,FCA,Glacier Park International,Kalispell,MT,415.28,509.55,"21,498"
2019,151,ROA,Roanoke Blacksburg Regional,Roanoke,VA,457.94,561.89,"21,008"
2019,152,BQN,Rafael Hernandez,Aguadilla,PR,209.75,257.37,"20,736"
2019,153,CHO,Charlottesville Albemarle,Charlottesville,VA,421.45,517.11,"20,466"
2019,154,MLI,Quad Cities International,Moline,IL,392.96,482.15,"20,094"
2019,155,RAP,Rapid City Regional,Rapid City,SD,443.96,544.73,"20,028"
2019,156,SBP,San Luis County Regional,San Luis Obispo,CA,493.38,605.37,"19,797"
2019,157,FNT,Bishop International,Flint,MI,343.22,421.12,"19,789"
2019,158,CRP,Corpus Christi International,Corpus Christi,TX,473.72,581.25,"19,530"
2019,159,PAE,Snohomish County,Everett,WA,278.25,341.41,"19,523"
2019,160,SHV,Shreveport Regional,Shreveport,LA,484.95,595.03,"19,446"
2019,161,TVC,Cherry Capital,Traverse City,MI,498.13,611.19,"19,320"
2019,162,BGR,Bangor International,Bangor,ME,404.05,495.76,"19,034"
2019,163,GRB,Green Bay Austin Straubel International,Green Bay,WI,498.62,611.81,"18,187"
2019,164,BIS,Bismarck Municipal,Bismarck/Mandan,ND,426.16,522.9,"17,904"
2019,165,BLI,Bellingham International,Bellingham,WA,251.84,309.01,"17,664"
2019,166,AGS,Augusta Regional at Bush Field,Augusta,GA,445.14,546.18,"17,458"
2019,167,IDA,Idaho Falls Regional,Idaho Falls,ID,487.9,598.65,"17,151"
2019,168,DAB,Daytona Beach International,Daytona Beach,FL,413.85,507.79,"16,860"
2019,169,JAC,Jackson Hole,Jackson,WY,546.37,670.39,"16,840"
2019,170,TTN,Trenton Mercer,Trenton,NJ,128.24,157.35,"16,828"
2019,171,GNV,Gainesville Regional,Gainesville,FL,450.77,553.09,"16,639"
2019,172,EYW,Key West International,Key West,FL,433.13,531.45,"16,616"
2019,173,GPT,Gulfport-Biloxi International,Gulfport/Biloxi,MS,440.91,541,"16,550"
2019,174,MOB,Mobile Regional,Mobile,AL,491.28,602.8,"15,611"
2019,175,LFT,Lafayette Regional Paul Fournet Field,Lafayette,LA,476.66,584.86,"14,541"
2019,176,MRY,Monterey Regional,Monterey,CA,407.27,499.71,"14,130"
2019,177,AVP,Wilkes Barre Scranton International,Scranton/Wilkes-Barre,PA,406.92,499.29,"14,115"
2019,178,JNU,Juneau International,Juneau,AK,421.21,516.82,"14,056"
2019,179,GJT,Grand Junction Regional,Grand Junction,CO,461.83,566.66,"13,880"
2019,180,TRI,Tri Cities,Bristol/Johnson City/Kingsport,TN,513.45,629.99,"12,639"
2019,181,MLB,Melbourne Orlando International,Melbourne,FL,436.05,535.03,"12,470"
2019,182,BRO,Brownsville South Padre Island International,Brownsville,TX,447.36,548.9,"12,172"
2019,183,BFL,Meadows Field,Bakersfield,CA,517.31,634.74,"11,994"
2019,184,DRO,Durango La Plata County,Durango,CO,566.56,695.16,"11,912"
2019,185,CRW,West Virginia International Yeager,Charleston/Dunbar,WV,501.23,615,"11,747"
2019,186,ASE,Aspen Pitkin County Sardy Field,Aspen,CO,584.02,716.59,"11,153"
2019,187,BLV,Scott AFB MidAmerica St Louis,Belleville,IL,155.64,190.96,"11,114"
2019,188,GTF,Great Falls International,Great Falls,MT,408.04,500.66,"10,663"
2019,189,EVV,Evansville Regional,Evansville,IN,444.77,545.73,"10,601"
2019,190,FAY,Fayetteville Regional/Grannis Field,Fayetteville,NC,456.99,560.73,"10,527"
2019,191,MOT,Minot International,Minot,ND,438.23,537.7,"10,415"
2019,192,LCK,Rickenbacker International,Columbus,OH,143.02,175.49,"10,393"
2019,193,MGM,Montgomery Regional,Montgomery,AL,535.38,656.9,"10,260"
2019,194,MTJ,Montrose Regional,Montrose/Delta,CO,498.97,612.23,"10,218"
2019,195,LRD,Laredo International,Laredo,TX,440.93,541.02,"9,858"
2019,196,BMI,Central Il Regional Airport at Bloomington,Bloomington/Normal,IL,351.71,431.55,"9,540"
2019,197,ORH,Worcester Regional,Worcester,MA,303.01,371.79,"9,491"
2019,198,RFD,Chicago/Rockford International,Rockford,IL,190.07,233.21,"9,435"
2019,199,STX,Henry E. Rohlsen,Christiansted,VI,457.54,561.39,"8,986"
2019,200,OAJ,Albert J Ellis,Jacksonville/Camp Lejeune,NC,415.61,509.94,"8,903"
2019,201,PSE,Mercedita,Ponce,PR,248.39,304.78,"8,826"
2019,202,SGU,St George Regional,St. George,UT,384.49,471.77,"7,927"
2019,203,EGE,Eagle County Regional,Eagle,CO,569.51,698.79,"7,923"
2019,204,SAF,Santa Fe Municipal,Santa Fe,NM,447.14,548.63,"7,660"
2019,205,SCE,University Park,State College,PA,464.5,569.93,"7,557"
2019,206,ACV,California Redwood Coast Humboldt County,Arcata/Eureka,CA,532.34,653.18,"7,528"
2019,207,DLH,Duluth International,Duluth,MN,471.76,578.85,"7,375"
2019,208,PBG,Plattsburgh International,Plattsburgh,NY,208.52,255.85,"6,860"
2019,209,LAN,Capital Region International,Lansing,MI,441.67,541.93,"6,720"
2019,210,HDN,Yampa Valley,Hayden,CO,486.78,597.28,"6,709"
2019,211,XWA,Williston Basin International,Williston,ND,623.31,764.8,"6,630"
2019,212,LNK,Lincoln Airport,Lincoln,NE,480.09,589.07,"6,629"
2019,213,USA,Concord Padgett Regional,Concord,NC,124.1,152.27,"6,582"
2019,214,SWF,New York Stewart International,Newburgh/Poughkeepsie,NY,298.77,366.59,"6,432"
2019,215,MBS,MBS International,Saginaw/Bay City/Midland,MI,540.3,662.94,"6,283"
2019,216,HTS,Tri-State/Milton J. Ferguson Field,Ashland,WV,236.19,289.8,"6,189"
2019,217,MLU,Monroe Regional,Monroe,LA,513.17,629.66,"6,137"
2019,218,GRK,Robert Gray AAF,Killeen,TX,425.88,522.54,"5,882"
2019,219,LBE,Arnold Palmer Regional,Latrobe,PA,120.56,147.93,"5,672"
2019,220,AZO,Kalamazoo/Battle Creek International,Kalamazoo,MI,479.81,588.72,"5,637"
2019,221,HLN,Helena Regional,Helena,MT,493.17,605.11,"5,609"
2019,222,ABI,Abilene Regional,Abilene,TX,527.22,646.89,"5,572"
2019,223,ELM,Elmira/Corning Regional,Elmira/Corning,NY,409.72,502.73,"5,534"
2019,224,CPR,Casper/Natrona County International,Casper,WY,546.46,670.5,"5,500"
2019,225,BET,Bethel Airport,Bethel,AK,357.89,439.12,"5,442"
2019,226,ACK,Nantucket Memorial,Nantucket,MA,294.39,361.22,"5,436"
2019,227,LCH,Lake Charles Regional,Lake Charles,LA,550.3,675.21,"5,431"
2019,228,GFK,Grand Forks International,Grand Forks,ND,461.16,565.84,"5,419"
2019,229,KTN,Ketchikan International,Ketchikan,AK,461.28,565.99,"5,377"
2019,230,CWA,Central Wisconsin,Mosinee,WI,486.84,597.35,"5,375"
2019,230,COU,Columbia Regional,Columbia,MO,452.46,555.16,"5,375"
2019,232,RDD,Redding Regional,Redding,CA,474.76,582.52,"5,149"
2019,233,EWN,Coastal Carolina Regional,New Bern/Morehead/Beaufort,NC,436.89,536.06,"5,024"
2019,234,AEX,Alexandria International,Alexandria,LA,525.75,645.09,"5,014"
2019,235,LYH,Lynchburg Regional/Preston Glenn Field,Lynchburg,VA,474.56,582.28,"4,980"
2019,236,MHK,Manhattan Regional,Manhattan/Ft. Riley,KS,510.08,625.86,"4,941"
2019,237,SUN,Friedman Memorial,Sun Valley/Hailey/Ketchum,ID,511.61,627.74,"4,889"
2019,238,CMI,University of Illinois/Willard,Champaign/Urbana,IL,533.1,654.1,"4,867"
2019,239,RST,Rochester International,Rochester,MN,393.38,482.68,"4,832"
2019,240,GUM,Guam International,Guam,TT,1173.8,1440.24,"4,466"
2019,241,TOL,Eugene F Kranz Toledo Express,Toledo,OH,274.84,337.23,"4,355"
2019,242,IAG,Niagara Falls International,Niagara Falls,NY,170.39,209.06,"4,190"
2019,243,YUM,Yuma MCAS/Yuma International,Yuma,AZ,458.2,562.21,"4,071"
2019,244,PHF,Newport News/Williamsburg International,Newport News/Williamsburg,VA,466.35,572.21,"3,955"
2019,245,SCK,Stockton Metro,Stockton,CA,138.42,169.84,"3,948"
2019,246,ITH,Ithaca Tompkins International,Ithaca/Cortland,NY,463.81,569.1,"3,911"
2019,247,GRI,Central Nebraska Regional,Grand Island,NE,295.03,362,"3,849"
2019,248,PSM,Portsmouth International at Pease,Portsmouth,NH,188.19,230.91,"3,847"
2019,249,SIT,Sitka Rocky Gutierrez,Sitka,AK,415.38,509.66,"3,745"
2019,250,CLL,Easterwood Field,College Station/Bryan,TX,487.3,597.91,"3,669"
2019,251,PUW,Pullman Moscow Regional,Pullman,WA,399.34,489.99,"3,643"
2019,252,HHH,Hilton Head Airport,Hilton Head,SC,408.48,501.21,"3,578"
2019,253,FLG,Flagstaff Pulliam,Flagstaff,AZ,417.9,512.76,"3,507"
2019,254,ADQ,Kodiak Airport,Kodiak,AK,514.65,631.47,"3,500"
2019,255,SPI,Abraham Lincoln Capital,Springfield,IL,400.87,491.87,"3,455"
2019,256,LWS,Lewiston Nez Perce County,Lewiston,ID,565.41,693.75,"3,448"
2019,257,SBY,Salisbury-Ocean City/Wicomico Regional,Salisbury,MD,473.86,581.43,"3,343"
2019,258,TYR,Tyler Pounds Regional,Tyler,TX,501.35,615.15,"3,286"
2019,259,ACT,Waco Regional,Waco,TX,546.58,670.65,"3,244"
2019,260,MVY,Martha's Vineyard Airport,Martha's Vineyard,MA,326.04,400.04,"3,230"
2019,261,FSM,Fort Smith Regional,Fort Smith,AR,543.16,666.45,"3,187"
2019,262,CSG,Columbus Airport,Columbus,GA,527.57,647.32,"3,020"
2019,263,ERI,Erie International/Tom Ridge Field,Erie,PA,408.99,501.82,"2,916"
2019,264,VLD,Valdosta Regional,Valdosta,GA,605.32,742.72,"2,803"
2019,265,HGR,Hagerstown Regional-Richard A. Henson Field,Hagerstown,MD,146.87,180.2,"2,783"
2019,266,SJT,San Angelo Regional/Mathis Field,San Angelo,TX,528.43,648.38,"2,754"
2019,267,ROW,Roswell Air Center,Roswell,NM,503.4,617.67,"2,702"
2019,268,EAT,Pangborn Memorial,Wenatchee,WA,418.49,513.48,"2,587"
2019,269,PGV,Pitt Greenville,Greenville,NC,428.41,525.66,"2,490"
2019,270,YKM,Yakima Air Terminal/McAllister Field,Yakima,WA,434.03,532.55,"2,476"
2019,271,GTR,Golden Triangle Regional,Columbus,MS,587.93,721.38,"2,412"
2019,272,LAW,Lawton-Fort Sill Regional,Lawton/Fort Sill,OK,478.14,586.67,"2,405"
2019,273,TXK,Texarkana Regional-Webb Field,Texarkana,AR,508.65,624.11,"2,325"
2019,274,MQT,Marquette Sawyer Regional,Marquette,MI,513.28,629.79,"2,316"
2019,275,OME,Nome Airport,Nome,AK,524.21,643.2,"2,311"
2019,276,CKB,North Central West Virginia,Clarksburg/Fairmont,WV,249.71,306.4,"2,195"
2019,277,GGG,East Texas Regional,Longview,TX,496.1,608.71,"2,190"
2019,278,BPT,Jack Brooks Regional,Beaumont/Port Arthur,TX,477.52,585.91,"2,120"
2019,279,OTZ,Ralph Wien Memorial,Kotzebue,AK,430.37,528.06,"2,107"
2019,280,SWO,Stillwater Regional,Stillwater,OK,459.26,563.5,"2,029"
2019,281,ALW,Walla Walla Regional,Walla Walla,WA,372.12,456.58,"1,977"
2019,282,DHN,Dothan Regional,Dothan,AL,634.35,778.35,"1,974"
2019,283,PPG,Pago Pago International,Pago Pago,TT,1151.05,1412.33,"1,942"
2019,284,LSE,La Crosse Regional,La Crosse,WI,466.73,572.67,"1,939"
2019,285,SCC,Deadhorse Airport,Deadhorse,AK,403.19,494.71,"1,933"
2019,286,BRW,Wiley Post/Will Rogers Memorial,Barrow,AK,486.96,597.5,"1,914"
2019,287,SPS,Sheppard AFB/Wichita Falls Municipal,Wichita Falls,TX,459.19,563.42,"1,907"
2019,288,BQK,Brunswick Golden Isles,Brunswick,GA,521.73,640.16,"1,856"
2019,289,TWF,Joslin Field - Magic Valley Regional,Twin Falls,ID,609.45,747.79,"1,848"
2019,290,BGM,Greater Binghamton/Edwin A. Link Field,Binghamton,NY,504.95,619.56,"1,769"
2019,291,CYS,Cheyenne Regional/Jerry Olson Field,Cheyenne,WY,354.34,434.77,"1,741"
2019,292,BJI,Bemidji Regional,Bemidji,MN,557.15,683.62,"1,737"
2019,293,STC,St. Cloud Regional,St. Cloud,MN,216.17,265.23,"1,726"
2019,294,GUC,Gunnison-Crested Butte Regional,Gunnison,CO,542.48,665.61,"1,725"
2019,295,ABY,Southwest Georgia Regional,Albany,GA,578.48,709.79,"1,697"
2019,296,CIU,Chippewa County International,Sault Ste. Marie,MI,572.24,702.13,"1,670"
2019,297,GCC,Northeast Wyoming Regional,Gillette,WY,581,712.88,"1,653"
2019,298,COD,Yellowstone Regional,Cody,WY,520.21,638.29,"1,631"
2019,299,GCK,Garden City Regional,Garden City,KS,477.91,586.39,"1,613"
2019,300,FLO,Florence Regional,Florence,SC,418.13,513.04,"1,496"
2019,301,SHR,Sheridan County,Sheridan,WY,853.13,1046.78,"1,488"
2019,302,ART,Watertown International,Watertown,NY,457.2,560.98,"1,484"
2019,303,HOB,Lea County Regional,Hobbs,NM,515.55,632.58,"1,481"
2019,304,DIK,Dickinson - Theodore Roosevelt Regional,Dickinson,ND,576.77,707.69,"1,442"
2019,305,RHI,Rhinelander/Oneida County,Rhinelander,WI,546.72,670.82,"1,431"
2019,306,PLN,Pellston Regional Airport of Emmet County,Pellston,MI,618.86,759.34,"1,430"
2019,307,ABR,Aberdeen Regional,Aberdeen,SD,577.51,708.6,"1,417"
2019,308,PIH,Pocatello Regional,Pocatello,ID,608.22,746.28,"1,386"
2019,309,DLG,Dillingham Airport,Dillingham,AK,572.13,702,"1,385"
2019,310,SPN,Francisco C. Ada Saipan International,Saipan,TT,405.13,497.09,"1,357"
2019,311,PQI,Presque Isle International,Presque Isle/Houlton,ME,502.25,616.25,"1,349"
2019,312,EAU,Chippewa Valley Regional,Eau Claire,WI,439.45,539.2,"1,210"
2019,313,RKS,Southwest Wyoming Regional,Rock Springs,WY,496.03,608.63,"1,198"
2019,314,IMT,Ford,Iron Mountain/Kingsfd,MI,442.34,542.74,"1,197"
2019,315,RIW,Central Wyoming Regional,Riverton/Lander,WY,816.29,1001.58,"1,179"
2019,316,OGD,Ogden-Hinckley,Ogden,UT,113.1,138.77,"1,155"
2019,317,CMX,Houghton County Memorial,Hancock/Houghton,MI,550.02,674.87,"1,092"
2019,318,SUX,Sioux Gateway Brig Gen Bud Day Field,Sioux City,IA,454.29,557.4,"1,055"
2019,319,PSG,Petersburg James A Johnson,Petersburg,AK,422.2,518.03,"1,000"
2019,320,BRD,Brainerd Lakes Regional,Brainerd,MN,591.17,725.35,964
2019,321,LAR,Laramie Regional,Laramie,WY,476.17,584.25,961
2019,322,AKN,King Salmon Airport,King Salmon,AK,612.22,751.19,959
2019,323,ESC,Delta County,Escanaba,MI,462.55,567.54,951
2019,324,HYA,Cape Cod Gateway,Hyannis,MA,277.98,341.08,950
2019,325,LBF,North Platte Regional Airport Lee Bird Field,North Platte,NE,451.98,554.58,919
2019,326,BTM,Bert Mooney,Butte,MT,536.71,658.54,907
2019,327,MEI,Key Field,Meridian,MS,459.58,563.9,844
2019,328,JST,John Murtha Johnstown-Cambria County,Johnstown,PA,435.96,534.91,813
2019,329,CDV,Merle K Mudhole Smith,Cordova,AK,399.5,490.18,811
2019,330,VCT,Victoria Regional,Victoria,TX,447.76,549.4,783
2019,331,OTH,Southwest Oregon Regional,North Bend/Coos Bay,OR,468.12,574.38,780
2019,332,EKO,Elko Regional,Elko,NV,655.86,804.73,773
2019,333,SLN,Salina Regional,Salina,KS,362.58,444.88,764
2019,334,SMX,Santa Maria Public/Capt. G. Allan Hancock Field,Santa Maria,CA,124.72,153.03,739
2019,335,HYS,Hays Regional,Hays,KS,466.72,572.66,735
2019,336,CDC,Cedar City Regional,Cedar City,UT,409.01,501.86,732
2019,337,APN,Alpena County Regional,Alpena,MI,522.23,640.77,707
2019,338,JLN,Joplin Regional,Joplin,MO,481.26,590.5,681
2019,339,HIB,Range Regional,Hibbing,MN,554.51,680.37,660
2019,340,BFF,Western Neb. Regional/William B. Heilig Field,Scottsbluff,NE,440.55,540.54,635
2019,341,WRG,Wrangell Airport,Wrangell,AK,414.7,508.83,631
2019,342,EAR,Kearney Regional,Kearney,NE,463.21,568.36,618
2019,343,DEC,Decatur Airport,Decatur,IL,434.87,533.58,596
2019,344,INL,Falls International Einarson Field,International Falls,MN,520.72,638.92,580
2019,345,PRC,Prescott Regional Ernest A Love Field,Prescott,AZ,334.19,410.05,525
2019,346,PIR,Pierre Regional,Pierre,SD,464.11,569.45,507
2019,347,ALO,Waterloo Regional,Waterloo,IA,482.81,592.41,493
2019,348,PIB,Hattiesburg-Laurel Regional,Hattiesburg/Laurel,MS,393.06,482.28,484
2019,349,JMS,Jamestown Regional,Jamestown,ND,443.44,544.09,407
2019,350,DVL,Devils Lake Regional,Devils Lake,ND,502.34,616.36,390
2019,351,DBQ,Dubuque Regional,Dubuque,IA,525.58,644.88,388
2019,352,LBL,Liberal Mid-America Regional,Liberal,KS,383.59,470.66,386
2019,353,DDC,Dodge City Regional,Dodge City,KS,478.72,587.39,384
2019,354,PAH,Barkley Regional,Paducah,KY,497.4,610.3,376
2019,355,BFM,Mobile International,Mobile,AL,114.38,140.34,371
2019,356,YAK,Yakutat Airport,Yakutat,AK,392.01,480.99,370
2019,357,SHD,Shenandoah Valley Regional,Staunton,VA,426.27,523.03,349
2019,358,LNS,Lancaster Airport,Lancaster,PA,388.25,476.38,320
2019,359,VEL,Vernal Regional,Vernal,UT,395.84,485.69,303
2019,360,ALS,San Luis Valley Regional/Bergman Field,Alamosa,CO,508.23,623.59,295
2019,361,ATY,Watertown Regional,Watertown,SD,398.5,488.96,281
2019,362,WYS,Yellowstone,West Yellowstone,MT,507.12,622.23,259
2019,363,CVN,Clovis Regional,Clovis,NM,390.94,479.67,247
2019,364,CNY,Canyonlands Regional,Moab,UT,330.51,405.53,241
2019,365,LWB,Greenbrier Valley,Lewisburg,WV,445.64,546.79,236
2019,366,LEB,Lebanon Municipal,Lebanon-Hanover,NH,382.33,469.12,231
2019,367,MWA,Veterans Airport of Southern Illinois,Marion/Herrin,IL,461.88,566.72,227
2019,368,BKW,Raleigh County Memorial,Beckley,WV,429,526.38,206
2019,369,OGS,Ogdensburg International,Ogdensburg,NY,254.58,312.36,204
2019,370,MGW,Morgantown Municipal Walter L Bill Hart Field,Morgantown,WV,427.76,524.86,201
2019,371,BHB,Hancock County-Bar Harbor,Bar Harbor,ME,427.2,524.17,193
2019,372,TBN,Waynesville-St. Robert Regional Forney Field,Fort Leonard Wood,MO,355.66,436.39,177
2019,373,PKB,Mid-Ohio Valley Regional,Parkersburg,WV,593,727.6,174
2019,374,GST,Gustavus Airport,Gustavus,AK,197.58,242.42,162
2019,374,TEX,Telluride Regional,Telluride,CO,768.6,943.07,162
2019,376,AUG,Augusta State,Augusta/Waterville,ME,349.48,428.81,161
2019,377,CGI,Cape Girardeau Regional,Cape Girardeau,MO,362.58,444.88,155
2019,378,RKD,Knox County Regional,Rockland,ME,450.54,552.81,152
2019,379,PGA,Page Municipal,Page,AZ,404,495.7,143
2019,380,IPL,Imperial County,El Centro,CA,306.9,376.56,141
2019,381,DUJ,DuBois Regional,DuBois,PA,478.44,587.04,140
2019,382,AOO,Altoona-Blair County,Altoona,PA,479.43,588.25,134
2019,383,IRK,Kirksville Regional,Kirksville,MO,411.78,505.26,133
2019,384,OWB,Owensboro Daviess County Regional,Owensboro,KY,139.69,171.4,129
2019,385,TUP,Tupelo Regional,Tupelo,MS,427.33,524.33,126
2019,386,RUT,Rutland - Southern Vermont Regional,Rutland,VT,381.32,467.87,124
2019,387,MKG,Muskegon County,Muskegon,MI,412.39,506,107
2019,388,BKG,Branson Airport,Branson,MO,108.52,133.16,105
2019,388,UIN,Quincy Regional-Baldwin Field,Quincy,IL,378.85,464.84,105
2019,390,CEZ,Cortez Municipal,Cortez,CO,456.28,559.85,98
2019,391,TVF,Thief River Falls Regional,Thief River Falls,MN,425,521.47,96
2019,392,PVC,Provincetown Municipal,Provincetown,MA,470.86,577.75,94
2019,393,AIA,Alliance Municipal,Alliance,NE,559.16,686.08,92
2019,394,MSL,Northwest Alabama Regional,Muscle Shoals,AL,355.26,435.9,91
2019,395,PUB,Pueblo Memorial,Pueblo,CO,435.56,534.43,86
2019,395,SLK,Adirondack Regional,Saranac Lake/Lake Placid,NY,399.51,490.19,86
2019,397,MCK,McCook Ben Nelson Regional,McCook,NE,515.91,633.02,67
2019,397,SDY,Sidney Richland Regional,Sidney,MT,512.93,629.36,67
2019,399,HOM,Homer Airport,Homer,AK,599.55,735.64,66
2019,400,DUT,Unalaska Airport,Unalaska,AK,1023.98,1256.42,64
2019,401,BFD,Bradford Regional,Bradford,PA,469.04,575.51,62
2019,401,SOW,Show Low Regional,Show Low,AZ,457.89,561.83,62
2019,403,GLH,Greenville Mid Delta,Greenville,MS,442,542.33,61
2019,404,VQS,Antonio Rivera Rodriguez,Vieques,PR,506.02,620.88,59
2019,405,ADK,Adak,Adak Island,AK,1004.04,1231.95,57
2019,405,MAZ,Eugenio Maria de Hostos,Mayaguez,PR,385.71,473.27,57
2019,407,MSS,Massena International-Richards Field,Massena,NY,562.23,689.85,52
2019,408,MKK,Molokai,Hoolehua,HI,214.8,263.55,39
2019,408,HOT,Memorial Field,Hot Springs,AR,532,652.76,39
2019,408,IPT,Williamsport Regional,Williamsport,PA,449.81,551.92,39
2019,411,HRO,Boone County,Harrison,AR,278,341.1,30
2019,412,CDR,Chadron Municipal,Chadron,NE,412.22,505.79,29
2019,412,GDV,Dawson Community,Glendive,MT,516.15,633.32,29
2019,414,ELD,South Arkansas Regional at Goodwin Field,El Dorado,AR,489,600,24
2019,415,OLF,L. M. Clayton,Wolf Point,MT,692.25,849.38,19
2019,416,PDT,Eastern Oregon Regional at Pendleton,Pendleton,OR,482.46,591.98,17
2019,417,LNY,Lanai Airport,Lanai,HI,366.77,450.02,16
2019,418,CPX,Benjamin Rivera Noriega,Culebra,PR,383.56,470.63,15
2019,419,HVR,Havre City-County,Havre,MT,534,655.21,14
2019,420,GGW,Wokal Field Glasgow Valley County,Glasgow,MT,732.71,899.03,12
2019,420,VDZ,Valdez Pioneer Field,Valdez,AK,631.42,774.75,12
2019,422,JHM,Kapalua Airport,Kapalua,HI,305.07,374.32,6
2019,423,CDB,Cold Bay Airport,Cold Bay,AK,893.49,1096.3,5
2019,424,SDP,Sand Point,Sandpoint,AK,943.42,1157.57,1
2019,425,PQS,Pilot Station Airport,Pilot Station,AK,285,349.69, -   
2019,425,MKT,Mankato Regional,Mankato,MN,138,169.32, -   
2019,425,GAL,Edward G. Pitka Sr.,Galena,AK,681,835.58, -   
2019,425,SSB,Christiansted Harbor Seaplane Base,Christiansted,VI,813.5,998.16, -   
2019,425,MCE,Merced Yosemite Regional,Merced,CA,590.86,724.98, -   
2019,425,FKL,Venango Regional,Franklin/Oil City,PA,383.4,470.43, -   
2019,425,MMH,Mammoth Lakes Airport,Mammoth Lakes,CA,277.91,340.99, -   
2019,425,DRT,Del Rio International,Del Rio,TX,419.19,514.35, -   
2019,425,SHH,Shishmaref Airport,Shishmaref,AK,712,873.62, -   
2019,425,HNM,Hana Airport,Hana,HI,270,331.29, -   
2019,425,WMO,White Mountain Airport,White Mountain,AK,335,411.04, -   
2019,425,CNM,Cavern City Air Terminal,Carlsbad,NM,555.8,681.96, -   
2019,425,CYF,Chefornak Airport,Chefornak,AK,742,910.43, -   
2019,425,ENA,Kenai Municipal,Kenai,AK,620.68,761.56, -   
2019,425,ISN,Sloulin Field International,Williston,ND,643.92,790.09, -   
2021,1,LAX,Los Angeles International,Los Angeles,CA,322.2,373,"12,84,083"
2021,2,ORD,Chicago O'Hare International,Chicago-O'Hare,IL,284.93,329.85,"10,89,038"
2021,3,DEN,Denver International,Denver,CO,271.37,314.15,"10,23,630"
2021,4,ATL,Hartsfield-Jackson Atlanta International,Atlanta,GA,303.74,351.62,"10,12,618"
2021,5,BOS,Logan International,Boston,MA,329.44,381.38,"9,86,868"
2021,6,EWR,Newark Liberty International,Newark,NJ,313.97,363.47,"9,40,299"
2021,7,DFW,Dallas/Fort Worth International,Dallas-DFW,TX,319.66,370.06,"8,94,683"
2021,8,SEA,Seattle/Tacoma International,Seattle,WA,308.81,357.49,"8,80,202"
2021,9,MCO,Orlando International,Orlando,FL,220.15,254.86,"8,45,562"
2021,10,SFO,San Francisco International,San Francisco,CA,388.38,449.61,"8,44,286"
2021,11,PHX,Phoenix Sky Harbor International,Phoenix,AZ,292.23,338.31,"8,25,399"
2021,12,LGA,LaGuardia,New York-La Guardia,NY,283.63,328.35,"7,95,129"
2021,13,JFK,John F. Kennedy International,New York-JFK,NY,338.82,392.24,"7,50,626"
2021,14,LAS,Harry Reid International,Las Vegas,NV,230.91,267.31,"6,75,568"
2021,15,MSP,Minneapolis-St Paul International,Minneapolis,MN,305.72,353.92,"6,57,943"
2021,16,IAH,George Bush Intercontinental/Houston,Houston-Intercontinental,TX,324.59,375.76,"6,27,878"
2021,17,PHL,Philadelphia International,Philadelphia,PA,307.58,356.07,"6,18,958"
2021,18,SAN,San Diego International,San Diego,CA,329.02,380.89,"5,96,023"
2021,19,FLL,Fort Lauderdale-Hollywood International,Fort Lauderdale,FL,213.98,247.71,"5,85,196"
2021,20,DTW,Detroit Metro Wayne County,Detroit,MI,326.08,377.48,"5,72,843"
2021,21,DCA,Ronald Reagan Washington National,Washington-Reagan National,DC,323.64,374.66,"5,47,638"
2021,22,TPA,Tampa International,Tampa,FL,257.98,298.65,"5,34,514"
2021,23,BWI,Baltimore/Washington International Thurgood Marshall,Baltimore,MD,292.32,338.4,"4,89,183"
2021,24,MIA,Miami International,Miami,FL,249.76,289.14,"4,78,084"
2021,25,AUS,Austin - Bergstrom International,Austin,TX,297.83,344.78,"4,72,888"
2021,26,CLT,Charlotte Douglas International,Charlotte,NC,338.36,391.71,"4,46,301"
2021,27,PDX,Portland International,Portland,OR,338.02,391.31,"4,41,785"
2021,28,BNA,Nashville International,Nashville,TN,280.65,324.9,"4,41,195"
2021,29,SLC,Salt Lake City International,Salt Lake City,UT,332.65,385.09,"4,34,499"
2021,30,RDU,Raleigh-Durham International,Raleigh/Durham,NC,299.39,346.59,"4,03,082"
2021,31,SMF,Sacramento International,Sacramento,CA,323.47,374.47,"3,67,629"
2021,32,HNL,Daniel K Inouye International,Honolulu,HI,328.61,380.41,"3,55,128"
2021,33,MDW,Chicago Midway International,Chicago-Midway,IL,248.51,287.69,"3,49,329"
2021,34,STL,St Louis Lambert International,St. Louis,MO,308.38,357,"3,17,689"
2021,35,IAD,Washington Dulles International,Washington-Dulles,DC,397.9,460.63,"3,16,263"
2021,36,SJC,Norman Y. Mineta San Jose International,San Jose,CA,305.14,353.25,"3,05,263"
2021,37,MCI,Kansas City International,Kansas City,MO,325.37,376.66,"2,97,424"
2021,38,DAL,Dallas Love Field,Dallas-Love Field,TX,261.87,303.15,"2,89,935"
2021,39,IND,Indianapolis International,Indianapolis,IN,308.82,357.51,"2,89,135"
2021,40,CLE,Cleveland-Hopkins International,Cleveland,OH,277.69,321.47,"2,75,340"
2021,41,PIT,Pittsburgh International,Pittsburgh,PA,312.33,361.57,"2,73,272"
2021,42,OAK,Metro Oakland International,Oakland,CA,271.7,314.54,"2,68,902"
2021,43,MSY,Louis Armstrong New Orleans International,New Orleans,LA,269.02,311.43,"2,68,725"
2021,44,SJU,Luis Munoz Marin International,San Juan,PR,236.73,274.05,"2,62,979"
2021,45,SAT,San Antonio International,San Antonio,TX,329.84,381.84,"2,61,417"
2021,46,CVG,Cincinnati/Northern Kentucky International,Cincinnati,OH,286.19,331.31,"2,54,552"
2021,47,SNA,John Wayne Airport-Orange County,Santa Ana,CA,315.29,364.99,"2,54,126"
2021,48,CMH,John Glenn Columbus International,Columbus,OH,314.97,364.63,"2,44,751"
2021,49,HOU,William P Hobby,Houston-Hobby,TX,275.28,318.68,"2,29,047"
2021,50,RSW,Southwest Florida International,Fort Myers,FL,264.91,306.67,"2,15,751"
2021,51,BDL,Bradley International,Hartford,CT,327.86,379.55,"2,10,677"
2021,52,PBI,Palm Beach International,West Palm Beach/Palm Beach,FL,294.01,340.36,"2,07,211"
2021,53,ONT,Ontario International,Ontario,CA,302.28,349.94,"1,98,746"
2021,54,JAX,Jacksonville International,Jacksonville,FL,315.67,365.44,"1,90,561"
2021,55,BUR,Bob Hope,Burbank,CA,254.99,295.19,"1,83,243"
2021,56,MKE,General Mitchell International,Milwaukee,WI,322.23,373.03,"1,79,994"
2021,57,BUF,Buffalo Niagara International,Buffalo,NY,310.62,359.59,"1,46,872"
2021,58,RIC,Richmond International,Richmond,VA,325.59,376.92,"1,45,166"
2021,59,CHS,Charleston AFB/International,Charleston,SC,298.19,345.2,"1,44,183"
2021,60,OMA,Eppley Airfield,Omaha,NE,331.97,384.31,"1,43,403"
2021,61,BOI,Boise Air Terminal,Boise,ID,304.44,352.44,"1,35,151"
2021,62,ORF,Norfolk International,Norfolk,VA,351.41,406.81,"1,35,070"
2021,63,MEM,Memphis International,Memphis,TN,318.75,369,"1,33,439"
2021,64,ABQ,Albuquerque International Sunport,Albuquerque,NM,345.54,400.01,"1,33,295"
2021,65,PVD,Rhode Island Tf Green International,Providence,RI,324,375.07,"1,23,931"
2021,66,GRR,Gerald R. Ford International,Grand Rapids,MI,322.06,372.84,"1,22,792"
2021,67,SDF,Louisville Muhammad Ali International,Louisville,KY,306.5,354.82,"1,22,639"
2021,68,OKC,Will Rogers World,Oklahoma City,OK,339.46,392.98,"1,21,164"
2021,69,ELP,El Paso International,El Paso,TX,331.05,383.24,"1,20,309"
2021,70,ANC,Ted Stevens Anchorage International,Anchorage,AK,406.48,470.56,"1,13,291"
2021,71,GEG,Spokane International,Spokane,WA,323.36,374.34,"1,12,587"
2021,72,OGG,Kahului Airport,Kahului,HI,274.25,317.49,"1,12,368"
2021,73,RNO,Reno/Tahoe International,Reno,NV,308.18,356.77,"1,09,805"
2021,74,LGB,Long Beach Airport,Long Beach,CA,254.83,295,"1,02,848"
2021,75,TUS,Tucson International,Tucson,AZ,347.36,402.12,"1,02,184"
2021,76,SYR,Syracuse Hancock International,Syracuse,NY,348.61,403.57,"94,536"
2021,77,DSM,Des Moines International,Des Moines,IA,322.8,373.69,"91,115"
2021,78,ALB,Albany International,Albany,NY,356.51,412.71,"88,845"
2021,79,TUL,Tulsa International,Tulsa,OK,339.17,392.65,"88,037"
2021,80,BHM,Birmingham-Shuttlesworth International,Birmingham,AL,374.05,433.02,"87,795"
2021,81,SRQ,Sarasota/Bradenton International,Sarasota/Bradenton,FL,263.13,304.62,"86,365"
2021,82,HPN,Westchester County,White Plains,NY,335.62,388.54,"85,416"
2021,83,SAV,Savannah/Hilton Head International,Savannah,GA,306.54,354.86,"85,268"
2021,84,ROC,Frederick Douglass Grtr Rochester International,Rochester,NY,348.33,403.25,"81,114"
2021,85,TYS,McGhee Tyson,Knoxville,TN,354.86,410.81,"80,983"
2021,86,KOA,Ellison Onizuka Kona International at Keahole,Kona,HI,268.52,310.85,"75,880"
2021,87,GSP,Greenville-Spartanburg International,Greer,SC,362.69,419.87,"74,606"
2021,88,PNS,Pensacola International,Pensacola,FL,318.01,368.14,"72,946"
2021,89,COS,City of Colorado Springs Municipal,Colorado Springs,CO,312.13,361.34,"67,750"
2021,90,MYR,Myrtle Beach International,Myrtle Beach,SC,222.59,257.69,"67,308"
2021,91,MSN,Dane County Regional-Truax Field,Madison,WI,394.96,457.23,"67,201"
2021,92,LIH,Lihue Airport,Lihue,HI,259.76,300.71,"66,233"
2021,93,FAT,Fresno Yosemite International,Fresno,CA,337.86,391.12,"65,689"
2021,94,PWM,Portland International Jetport,Portland,ME,334.18,386.86,"65,280"
2021,95,LIT,Bill and Hillary Clinton Nat Adams Field,Little Rock,AR,343.51,397.67,"63,818"
2021,96,XNA,Northwest Arkansas National,Fayetteville,AR,392.15,453.98,"60,392"
2021,97,BZN,Bozeman Yellowstone International,Bozeman,MT,320.16,370.64,"56,214"
2021,98,AVL,Asheville Regional,Asheville,NC,271.61,314.43,"52,773"
2021,99,PSP,Palm Springs International,Palm Springs,CA,321.33,371.99,"52,513"
2021,100,GSO,Piedmont Triad International,Greensboro/High Point,NC,359.6,416.29,"52,146"
2021,101,ICT,Wichita Dwight D Eisenhower National,Wichita,KS,341.92,395.83,"50,450"
2021,102,PIE,St Pete Clearwater International,St. Petersburg,FL,125.31,145.07,"48,668"
2021,103,SFB,Orlando Sanford International,Sanford,FL,119.55,138.4,"48,131"
2021,104,EUG,Mahlon Sweet Field,Eugene,OR,332.54,384.96,"48,046"
2021,105,CID,The Eastern Iowa,Cedar Rapids/Iowa City,IA,327.92,379.61,"46,040"
2021,106,HVN,Tweed New Haven,New Haven,CT,195.56,226.39,"45,855"
2021,107,HSV,Huntsville International-Carl T Jones Field,Huntsville,AL,446.57,516.97,"44,464"
2021,108,MDT,Harrisburg International,Harrisburg,PA,367.49,425.43,"42,667"
2021,109,ISP,Long Island MacArthur,Islip,NY,234.15,271.06,"42,627"
2021,110,LEX,Blue Grass,Lexington,KY,369.78,428.08,"42,439"
2021,111,MAF,Midland International Air and Space Port,Midland/Odessa,TX,355.92,412.03,"41,759"
2021,112,FSD,Joe Foss Field,Sioux Falls,SD,355.45,411.49,"40,697"
2021,113,AZA,Phoenix - Mesa Gateway,Phoenix,AZ,137.92,159.66,"40,330"
2021,114,MFE,McAllen International,Mission/McAllen/Edinburg,TX,382.04,442.27,"39,274"
2021,115,VPS,Eglin AFB Destin Fort Walton Beach,Valparaiso,FL,296.86,343.66,"38,296"
2021,116,ILM,Wilmington International,Wilmington,NC,387.48,448.56,"38,008"
2021,117,ITO,Hilo International,Hilo,HI,188.07,217.72,"37,948"
2021,118,SGF,Springfield-Branson National,Springfield,MO,387.27,448.32,"37,755"
2021,119,PGD,Punta Gorda Airport,Punta Gorda,FL,133.56,154.61,"37,063"
2021,120,MHT,Manchester Boston Regional,Manchester,NH,357.59,413.97,"37,031"
2021,121,BTV,Burlington International,Burlington,VT,427.1,494.43,"36,575"
2021,122,SBA,Santa Barbara Municipal,Santa Barbara,CA,370.54,428.96,"36,080"
2021,123,JAN,Jackson Medgar Wiley Evers International,Jackson/Vicksburg,MS,367.87,425.86,"35,868"
2021,124,ATW,Appleton International,Appleton,WI,339.68,393.23,"35,369"
2021,125,CAE,Columbia Metropolitan,Columbia,SC,390.79,452.4,"35,315"
2021,126,DAY,James M Cox/Dayton International,Dayton,OH,365.11,422.67,"35,189"
2021,127,ECP,Northwest Florida Beaches International,Panama City,FL,312.71,362.01,"33,188"
2021,128,RDM,Roberts Field,Bend/Redmond,OR,369.05,427.23,"33,127"
2021,129,FAR,Hector International,Fargo,ND,382.38,442.66,"32,694"
2021,130,CHA,Lovell Field,Chattanooga,TN,391.84,453.61,"31,471"
2021,131,LBB,Lubbock Preston Smith International,Lubbock,TX,360.62,417.48,"30,395"
2021,132,ABE,Lehigh Valley International,Allentown/Bethlehem/Easton,PA,266.64,308.68,"29,795"
2021,133,HRL,Valley International,Harlingen/San Benito,TX,319.78,370.19,"29,191"
2021,134,ACY,Atlantic City International,Atlantic City,NJ,114.54,132.6,"28,530"
2021,135,MFR,Rogue Valley International - Medford,Medford,OR,339.24,392.72,"28,387"
2021,136,SBN,South Bend International,South Bend,IN,330.47,382.57,"27,926"
2021,137,PSC,Tri Cities,Pasco/Kennewick/Richland,WA,360.93,417.83,"27,906"
2021,138,FAI,Fairbanks International,Fairbanks,AK,373.89,432.83,"27,618"
2021,139,PVU,Provo Municipal,Provo,UT,109.74,127.04,"27,400"
2021,140,FWA,Fort Wayne International,Fort Wayne,IN,331.56,383.83,"26,685"
2021,141,TLH,Tallahassee International,Tallahassee,FL,429.63,497.36,"25,686"
2021,142,MSO,Missoula Montana,Missoula,MT,378.74,438.45,"25,558"
2021,143,CAK,Akron-Canton Regional,Akron,OH,305.13,353.23,"25,340"
2021,144,BIL,Billings Logan International,Billings,MT,378.78,438.49,"25,278"
2021,145,STT,Cyril E King,Charlotte Amalie,VI,297.39,344.27,"23,386"
2021,146,BTR,Baton Rouge Metropolitan/Ryan Field,Baton Rouge,LA,402.51,465.96,"22,788"
2021,147,PIA,General Downing - Peoria International,Peoria,IL,280.83,325.1,"22,607"
2021,148,STS,Charles M. Schulz - Sonoma County,Santa Rosa,CA,318.12,368.27,"21,711"
2021,149,AMA,Rick Husband Amarillo International,Amarillo,TX,345.46,399.92,"21,618"
2021,150,FCA,Glacier Park International,Kalispell,MT,371.53,430.1,"21,498"
2021,151,ROA,Roanoke Blacksburg Regional,Roanoke,VA,419.76,485.94,"21,008"
2021,152,BQN,Rafael Hernandez,Aguadilla,PR,215.21,249.14,"20,736"
2021,153,CHO,Charlottesville Albemarle,Charlottesville,VA,386.13,447.01,"20,466"
2021,154,MLI,Quad Cities International,Moline,IL,331.93,384.26,"20,094"
2021,155,RAP,Rapid City Regional,Rapid City,SD,388.68,449.96,"20,028"
2021,156,SBP,San Luis County Regional,San Luis Obispo,CA,462.13,534.99,"19,797"
2021,157,FNT,Bishop International,Flint,MI,243.08,281.4,"19,789"
2021,158,CRP,Corpus Christi International,Corpus Christi,TX,398.89,461.78,"19,530"
2021,159,PAE,Snohomish County,Everett,WA,302,349.61,"19,523"
2021,160,SHV,Shreveport Regional,Shreveport,LA,427.05,494.38,"19,446"
2021,161,TVC,Cherry Capital,Traverse City,MI,380.38,440.34,"19,320"
2021,162,BGR,Bangor International,Bangor,ME,331.23,383.45,"19,034"
2021,163,GRB,Green Bay Austin Straubel International,Green Bay,WI,403.79,467.45,"18,187"
2021,164,BIS,Bismarck Municipal,Bismarck/Mandan,ND,380.58,440.59,"17,904"
2021,165,BLI,Bellingham International,Bellingham,WA,265.62,307.49,"17,664"
2021,166,AGS,Augusta Regional at Bush Field,Augusta,GA,396.78,459.33,"17,458"
2021,167,IDA,Idaho Falls Regional,Idaho Falls,ID,360.07,416.83,"17,151"
2021,168,DAB,Daytona Beach International,Daytona Beach,FL,364.16,421.58,"16,860"
2021,169,JAC,Jackson Hole,Jackson,WY,421.67,488.15,"16,840"
2021,170,TTN,Trenton Mercer,Trenton,NJ,112.41,130.14,"16,828"
2021,171,GNV,Gainesville Regional,Gainesville,FL,391.65,453.4,"16,639"
2021,172,EYW,Key West International,Key West,FL,330.61,382.73,"16,616"
2021,173,GPT,Gulfport-Biloxi International,Gulfport/Biloxi,MS,393.04,455,"16,550"
2021,174,MOB,Mobile Regional,Mobile,AL,414.65,480.02,"15,611"
2021,175,LFT,Lafayette Regional Paul Fournet Field,Lafayette,LA,410.91,475.69,"14,541"
2021,176,MRY,Monterey Regional,Monterey,CA,384.66,445.3,"14,130"
2021,177,AVP,Wilkes Barre Scranton International,Scranton/Wilkes-Barre,PA,412.01,476.97,"14,115"
2021,178,JNU,Juneau International,Juneau,AK,414,479.26,"14,056"
2021,179,GJT,Grand Junction Regional,Grand Junction,CO,387.67,448.78,"13,880"
2021,180,TRI,Tri Cities,Bristol/Johnson City/Kingsport,TN,452.59,523.94,"12,639"
2021,181,MLB,Melbourne Orlando International,Melbourne,FL,373.59,432.49,"12,470"
2021,182,BRO,Brownsville South Padre Island International,Brownsville,TX,383.39,443.84,"12,172"
2021,183,BFL,Meadows Field,Bakersfield,CA,422,488.53,"11,994"
2021,184,DRO,Durango La Plata County,Durango,CO,444.13,514.15,"11,912"
2021,185,CRW,West Virginia International Yeager,Charleston/Dunbar,WV,437.25,506.18,"11,747"
2021,186,ASE,Aspen Pitkin County Sardy Field,Aspen,CO,581.88,673.62,"11,153"
2021,187,BLV,Scott AFB MidAmerica St Louis,Belleville,IL,134.49,155.69,"11,114"
2021,188,GTF,Great Falls International,Great Falls,MT,394.19,456.33,"10,663"
2021,189,EVV,Evansville Regional,Evansville,IN,382.29,442.57,"10,601"
2021,190,FAY,Fayetteville Regional/Grannis Field,Fayetteville,NC,388.72,450,"10,527"
2021,191,MOT,Minot International,Minot,ND,420.56,486.86,"10,415"
2021,192,LCK,Rickenbacker International,Columbus,OH,128.28,148.5,"10,393"
2021,193,MGM,Montgomery Regional,Montgomery,AL,453.57,525.08,"10,260"
2021,194,MTJ,Montrose Regional,Montrose/Delta,CO,359.73,416.45,"10,218"
2021,195,ILG,New Castle,Wilmington,DE,94.75,109.68,"10,215"
2021,196,LRD,Laredo International,Laredo,TX,401.27,464.54,"9,858"
2021,197,BMI,Central Il Regional Airport at Bloomington,Bloomington/Normal,IL,319.6,369.98,"9,540"
2021,198,ORH,Worcester Regional,Worcester,MA,243.91,282.36,"9,491"
2021,199,RFD,Chicago/Rockford International,Rockford,IL,158.99,184.06,"9,435"
2021,200,STX,Henry E. Rohlsen,Christiansted,VI,336.95,390.08,"8,986"
2021,201,OAJ,Albert J Ellis,Jacksonville/Camp Lejeune,NC,380.86,440.9,"8,903"
2021,202,PSE,Mercedita,Ponce,PR,274.93,318.28,"8,826"
2021,203,SGU,St George Regional,St. George,UT,389.73,451.17,"7,927"
2021,204,EGE,Eagle County Regional,Eagle,CO,492.61,570.28,"7,923"
2021,205,SAF,Santa Fe Municipal,Santa Fe,NM,428.4,495.94,"7,660"
2021,206,SCE,University Park,State College,PA,432.52,500.71,"7,557"
2021,207,ACV,California Redwood Coast Humboldt County,Arcata/Eureka,CA,421.57,488.03,"7,528"
2021,208,DLH,Duluth International,Duluth,MN,420.08,486.31,"7,375"
2021,209,PBG,Plattsburgh International,Plattsburgh,NY,222.51,257.59,"6,860"
2021,210,LAN,Capital Region International,Lansing,MI,349.75,404.89,"6,720"
2021,211,HDN,Yampa Valley,Hayden,CO,347.27,402.02,"6,709"
2021,212,XWA,Williston Basin International,Williston,ND,517.56,599.16,"6,630"
2021,213,LNK,Lincoln Airport,Lincoln,NE,419.94,486.14,"6,629"
2021,214,USA,Concord Padgett Regional,Concord,NC,110.35,127.75,"6,582"
2021,215,SWF,New York Stewart International,Newburgh/Poughkeepsie,NY,155.22,179.7,"6,432"
2021,216,MBS,MBS International,Saginaw/Bay City/Midland,MI,468.59,542.47,"6,283"
2021,217,HTS,Tri-State/Milton J. Ferguson Field,Ashland,WV,201.33,233.07,"6,189"
2021,218,MLU,Monroe Regional,Monroe,LA,456.49,528.46,"6,137"
2021,219,GRK,Robert Gray AAF,Killeen,TX,354.48,410.37,"5,882"
2021,220,LBE,Arnold Palmer Regional,Latrobe,PA,105.81,122.49,"5,672"
2021,221,AZO,Kalamazoo/Battle Creek International,Kalamazoo,MI,395.08,457.37,"5,637"
2021,222,HLN,Helena Regional,Helena,MT,468.5,542.36,"5,609"
2021,223,ABI,Abilene Regional,Abilene,TX,460.57,533.18,"5,572"
2021,224,ELM,Elmira/Corning Regional,Elmira/Corning,NY,343.61,397.78,"5,534"
2021,225,CPR,Casper/Natrona County International,Casper,WY,503.91,583.36,"5,500"
2021,226,BET,Bethel Airport,Bethel,AK,373.45,432.32,"5,442"
2021,227,ACK,Nantucket Memorial,Nantucket,MA,283.28,327.93,"5,436"
2021,228,LCH,Lake Charles Regional,Lake Charles,LA,462.16,535.02,"5,431"
2021,229,GFK,Grand Forks International,Grand Forks,ND,439.89,509.24,"5,419"
2021,230,KTN,Ketchikan International,Ketchikan,AK,448.88,519.65,"5,377"
2021,231,CWA,Central Wisconsin,Mosinee,WI,424.76,491.72,"5,375"
2021,231,COU,Columbia Regional,Columbia,MO,397.72,460.42,"5,375"
2021,233,RDD,Redding Regional,Redding,CA,388.96,450.28,"5,149"
2021,234,EWN,Coastal Carolina Regional,New Bern/Morehead/Beaufort,NC,408.61,473.03,"5,024"
2021,235,AEX,Alexandria International,Alexandria,LA,444.58,514.67,"5,014"
2021,236,LYH,Lynchburg Regional/Preston Glenn Field,Lynchburg,VA,425.67,492.78,"4,980"
2021,237,MHK,Manhattan Regional,Manhattan/Ft. Riley,KS,439.99,509.36,"4,941"
2021,238,SUN,Friedman Memorial,Sun Valley/Hailey/Ketchum,ID,474.17,548.92,"4,889"
2021,239,CMI,University of Illinois/Willard,Champaign/Urbana,IL,478.56,554,"4,867"
2021,240,RST,Rochester International,Rochester,MN,333.2,385.73,"4,832"
2021,241,GUM,Guam International,Guam,TT,1606.65,1859.95,"4,466"
2021,242,TOL,Eugene F Kranz Toledo Express,Toledo,OH,223.87,259.16,"4,355"
2021,243,IAG,Niagara Falls International,Niagara Falls,NY,129.9,150.38,"4,190"
2021,244,YUM,Yuma MCAS/Yuma International,Yuma,AZ,402.1,465.49,"4,071"
2021,245,PHF,Newport News/Williamsburg International,Newport News/Williamsburg,VA,414.32,479.64,"3,955"
2021,246,SCK,Stockton Metro,Stockton,CA,133.96,155.08,"3,948"
2021,247,ITH,Ithaca Tompkins International,Ithaca/Cortland,NY,457.86,530.04,"3,911"
2021,248,GRI,Central Nebraska Regional,Grand Island,NE,266.49,308.5,"3,849"
2021,249,PSM,Portsmouth International at Pease,Portsmouth,NH,174.5,202.02,"3,847"
2021,250,SIT,Sitka Rocky Gutierrez,Sitka,AK,389.77,451.22,"3,745"
2021,251,CLL,Easterwood Field,College Station/Bryan,TX,411.88,476.81,"3,669"
2021,252,PUW,Pullman Moscow Regional,Pullman,WA,349.19,404.24,"3,643"
2021,253,HHH,Hilton Head Airport,Hilton Head,SC,309.57,358.38,"3,578"
2021,254,FLG,Flagstaff Pulliam,Flagstaff,AZ,407.78,472.07,"3,507"
2021,255,ADQ,Kodiak Airport,Kodiak,AK,485.32,561.84,"3,500"
2021,256,SPI,Abraham Lincoln Capital,Springfield,IL,312.14,361.35,"3,455"
2021,257,LWS,Lewiston Nez Perce County,Lewiston,ID,504.62,584.18,"3,448"
2021,258,SBY,Salisbury-Ocean City/Wicomico Regional,Salisbury,MD,419.21,485.3,"3,343"
2021,259,TYR,Tyler Pounds Regional,Tyler,TX,465.36,538.72,"3,286"
2021,260,ACT,Waco Regional,Waco,TX,476.77,551.93,"3,244"
2021,261,MVY,Martha's Vineyard Airport,Martha's Vineyard,MA,312.03,361.22,"3,230"
2021,262,FSM,Fort Smith Regional,Fort Smith,AR,510.44,590.91,"3,187"
2021,263,CSG,Columbus Airport,Columbus,GA,404.12,467.83,"3,020"
2021,264,ERI,Erie International/Tom Ridge Field,Erie,PA,372.03,430.68,"2,916"
2021,265,VLD,Valdosta Regional,Valdosta,GA,520.91,603.04,"2,803"
2021,266,HGR,Hagerstown Regional-Richard A. Henson Field,Hagerstown,MD,123.33,142.78,"2,783"
2021,267,SJT,San Angelo Regional/Mathis Field,San Angelo,TX,474.74,549.59,"2,754"
2021,268,ROW,Roswell Air Center,Roswell,NM,429.91,497.68,"2,702"
2021,269,EAT,Pangborn Memorial,Wenatchee,WA,381.29,441.41,"2,587"
2021,270,PGV,Pitt Greenville,Greenville,NC,367.16,425.04,"2,490"
2021,271,YKM,Yakima Air Terminal/McAllister Field,Yakima,WA,399.98,463.04,"2,476"
2021,272,GTR,Golden Triangle Regional,Columbus,MS,507.57,587.59,"2,412"
2021,273,LAW,Lawton-Fort Sill Regional,Lawton/Fort Sill,OK,402.88,466.39,"2,405"
2021,274,TXK,Texarkana Regional-Webb Field,Texarkana,AR,461.89,534.71,"2,325"
2021,275,MQT,Marquette Sawyer Regional,Marquette,MI,434.77,503.32,"2,316"
2021,276,OME,Nome Airport,Nome,AK,514.64,595.77,"2,311"
2021,277,CKB,North Central West Virginia,Clarksburg/Fairmont,WV,226.2,261.86,"2,195"
2021,278,GGG,East Texas Regional,Longview,TX,448.92,519.7,"2,190"
2021,279,BPT,Jack Brooks Regional,Beaumont/Port Arthur,TX,423.16,489.87,"2,120"
2021,280,OTZ,Ralph Wien Memorial,Kotzebue,AK,478.68,554.15,"2,107"
2021,281,SWO,Stillwater Regional,Stillwater,OK,389.5,450.91,"2,029"
2021,282,ALW,Walla Walla Regional,Walla Walla,WA,357.08,413.37,"1,977"
2021,283,DHN,Dothan Regional,Dothan,AL,573.32,663.71,"1,974"
2021,284,PPG,Pago Pago International,Pago Pago,TT,924.39,1070.12,"1,942"
2021,285,LSE,La Crosse Regional,La Crosse,WI,377.72,437.26,"1,939"
2021,286,SCC,Deadhorse Airport,Deadhorse,AK,518.33,600.04,"1,933"
2021,287,BRW,Wiley Post/Will Rogers Memorial,Barrow,AK,453.67,525.2,"1,914"
2021,288,SPS,Sheppard AFB/Wichita Falls Municipal,Wichita Falls,TX,407.25,471.46,"1,907"
2021,289,BQK,Brunswick Golden Isles,Brunswick,GA,472.21,546.65,"1,856"
2021,290,TWF,Joslin Field - Magic Valley Regional,Twin Falls,ID,468.12,541.92,"1,848"
2021,291,BGM,Greater Binghamton/Edwin A. Link Field,Binghamton,NY,407.39,471.61,"1,769"
2021,292,CYS,Cheyenne Regional/Jerry Olson Field,Cheyenne,WY,443.93,513.92,"1,741"
2021,293,BJI,Bemidji Regional,Bemidji,MN,512.66,593.49,"1,737"
2021,294,STC,St. Cloud Regional,St. Cloud,MN,176.14,203.91,"1,726"
2021,295,GUC,Gunnison-Crested Butte Regional,Gunnison,CO,533.68,617.82,"1,725"
2021,296,ABY,Southwest Georgia Regional,Albany,GA,472.94,547.5,"1,697"
2021,297,CIU,Chippewa County International,Sault Ste. Marie,MI,512.36,593.14,"1,670"
2021,298,GCC,Northeast Wyoming Regional,Gillette,WY,502.49,581.71,"1,653"
2021,299,COD,Yellowstone Regional,Cody,WY,467.13,540.77,"1,631"
2021,300,GCK,Garden City Regional,Garden City,KS,379.03,438.79,"1,613"
2021,301,FLO,Florence Regional,Florence,SC,345.67,400.17,"1,496"
2021,302,SHR,Sheridan County,Sheridan,WY,518.74,600.52,"1,488"
2021,303,ART,Watertown International,Watertown,NY,394.02,456.14,"1,484"
2021,304,HOB,Lea County Regional,Hobbs,NM,366,423.7,"1,481"
2021,305,DIK,Dickinson - Theodore Roosevelt Regional,Dickinson,ND,493.47,571.27,"1,442"
2021,306,RHI,Rhinelander/Oneida County,Rhinelander,WI,507.72,587.77,"1,431"
2021,307,PLN,Pellston Regional Airport of Emmet County,Pellston,MI,567.43,656.89,"1,430"
2021,308,ABR,Aberdeen Regional,Aberdeen,SD,529.93,613.47,"1,417"
2021,309,PIH,Pocatello Regional,Pocatello,ID,513.47,594.42,"1,386"
2021,310,DLG,Dillingham Airport,Dillingham,AK,501.93,581.06,"1,385"
2021,311,SPN,Francisco C. Ada Saipan International,Saipan,TT,806.01,933.08,"1,357"
2021,312,PQI,Presque Isle International,Presque Isle/Houlton,ME,413.53,478.73,"1,349"
2021,313,EAU,Chippewa Valley Regional,Eau Claire,WI,351.71,407.16,"1,210"
2021,314,RKS,Southwest Wyoming Regional,Rock Springs,WY,440.84,510.33,"1,198"
2021,315,IMT,Ford,Iron Mountain/Kingsfd,MI,478.76,554.24,"1,197"
2021,316,RIW,Central Wyoming Regional,Riverton/Lander,WY,509.49,589.82,"1,179"
2021,317,OGD,Ogden-Hinckley,Ogden,UT,90.56,104.84,"1,155"
2021,318,CMX,Houghton County Memorial,Hancock/Houghton,MI,483.57,559.81,"1,092"
2021,319,SUX,Sioux Gateway Brig Gen Bud Day Field,Sioux City,IA,390.84,452.46,"1,055"
2021,320,PSG,Petersburg James A Johnson,Petersburg,AK,453.81,525.36,"1,000"
2021,321,BRD,Brainerd Lakes Regional,Brainerd,MN,513.07,593.95,964
2021,322,LAR,Laramie Regional,Laramie,WY,425.15,492.17,961
2021,323,AKN,King Salmon Airport,King Salmon,AK,488.61,565.64,959
2021,324,ESC,Delta County,Escanaba,MI,467.29,540.96,951
2021,325,HYA,Cape Cod Gateway,Hyannis,MA,279.18,323.2,950
2021,326,LBF,North Platte Regional Airport Lee Bird Field,North Platte,NE,405.53,469.46,919
2021,327,BTM,Bert Mooney,Butte,MT,489.99,567.23,907
2021,328,MEI,Key Field,Meridian,MS,439.59,508.89,844
2021,329,JST,John Murtha Johnstown-Cambria County,Johnstown,PA,395.75,458.14,813
2021,330,CDV,Merle K Mudhole Smith,Cordova,AK,412.73,477.8,811
2021,331,VCT,Victoria Regional,Victoria,TX,420.06,486.29,783
2021,332,OTH,Southwest Oregon Regional,North Bend/Coos Bay,OR,426.24,493.44,780
2021,333,EKO,Elko Regional,Elko,NV,589.24,682.13,773
2021,334,SLN,Salina Regional,Salina,KS,357.96,414.39,764
2021,335,SMX,Santa Maria Public/Capt. G. Allan Hancock Field,Santa Maria,CA,95.99,111.12,739
2021,336,HYS,Hays Regional,Hays,KS,425.76,492.88,735
2021,337,CDC,Cedar City Regional,Cedar City,UT,431.86,499.95,732
2021,338,APN,Alpena County Regional,Alpena,MI,531.73,615.56,707
2021,339,JLN,Joplin Regional,Joplin,MO,408.76,473.2,681
2021,340,HIB,Range Regional,Hibbing,MN,530.79,614.47,660
2021,341,BFF,Western Neb. Regional/William B. Heilig Field,Scottsbluff,NE,470.73,544.94,635
2021,342,WRG,Wrangell Airport,Wrangell,AK,464.6,537.85,631
2021,343,EAR,Kearney Regional,Kearney,NE,425.36,492.42,618
2021,344,DEC,Decatur Airport,Decatur,IL,367.24,425.14,596
2021,345,INL,Falls International Einarson Field,International Falls,MN,484.68,561.09,580
2021,346,PRC,Prescott Regional Ernest A Love Field,Prescott,AZ,484.09,560.41,525
2021,347,PIR,Pierre Regional,Pierre,SD,432.92,501.18,507
2021,348,ALO,Waterloo Regional,Waterloo,IA,353.09,408.75,493
2021,349,PIB,Hattiesburg-Laurel Regional,Hattiesburg/Laurel,MS,408.6,473.01,484
2021,350,JMS,Jamestown Regional,Jamestown,ND,417.7,483.55,407
2021,351,DVL,Devils Lake Regional,Devils Lake,ND,467.44,541.13,390
2021,352,DBQ,Dubuque Regional,Dubuque,IA,429.78,497.54,388
2021,353,LBL,Liberal Mid-America Regional,Liberal,KS,379.54,439.37,386
2021,354,DDC,Dodge City Regional,Dodge City,KS,346.99,401.69,384
2021,355,PAH,Barkley Regional,Paducah,KY,489.4,566.55,376
2021,356,YAK,Yakutat Airport,Yakutat,AK,493.77,571.62,370
2021,357,SHD,Shenandoah Valley Regional,Staunton,VA,467.9,541.67,349
2021,358,LNS,Lancaster Airport,Lancaster,PA,262.84,304.28,320
2021,359,VEL,Vernal Regional,Vernal,UT,457.97,530.17,303
2021,360,FOD,Fort Dodge Regional,Fort Dodge,IA,343.39,397.52,298
2021,361,BIH,Bishop Airport,Bishop,CA,383.6,444.08,296
2021,362,ALS,San Luis Valley Regional/Bergman Field,Alamosa,CO,446.75,517.19,295
2021,363,ATY,Watertown Regional,Watertown,SD,407.17,471.36,281
2021,364,WYS,Yellowstone,West Yellowstone,MT,286.82,332.04,259
2021,365,CVN,Clovis Regional,Clovis,NM,483.04,559.19,247
2021,366,CNY,Canyonlands Regional,Moab,UT,363.91,421.28,241
2021,367,LWB,Greenbrier Valley,Lewisburg,WV,452.33,523.64,236
2021,368,LEB,Lebanon Municipal,Lebanon-Hanover,NH,415.36,480.84,231
2021,369,MWA,Veterans Airport of Southern Illinois,Marion/Herrin,IL,357.29,413.62,227
2021,370,MCW,Mason City Municipal,Mason City,IA,362.9,420.11,219
2021,371,BKW,Raleigh County Memorial,Beckley,WV,457.79,529.96,206
2021,372,OGS,Ogdensburg International,Ogdensburg,NY,480.07,555.75,204
2021,373,MGW,Morgantown Municipal Walter L Bill Hart Field,Morgantown,WV,355.66,411.73,201
2021,374,BHB,Hancock County-Bar Harbor,Bar Harbor,ME,479.11,554.65,193
2021,375,TBN,Waynesville-St. Robert Regional Forney Field,Fort Leonard Wood,MO,349.43,404.52,177
2021,376,PKB,Mid-Ohio Valley Regional,Parkersburg,WV,420.61,486.93,174
2021,377,GST,Gustavus Airport,Gustavus,AK,211.16,244.45,162
2021,377,TEX,Telluride Regional,Telluride,CO,726.37,840.89,162
2021,379,AUG,Augusta State,Augusta/Waterville,ME,434.35,502.83,161
2021,380,CGI,Cape Girardeau Regional,Cape Girardeau,MO,414.8,480.2,155
2021,381,RKD,Knox County Regional,Rockland,ME,487.64,564.51,152
2021,382,IWD,Gogebic-Iron County,Ironwood,MI,357.85,414.27,148
2021,383,MBL,Manistee County-Blacker,Manistee/Ludington,MI,372.31,431.01,145
2021,384,PGA,Page Municipal,Page,AZ,422.57,489.19,143
2021,385,IPL,Imperial County,El Centro,CA,332.63,385.07,141
2021,386,DUJ,DuBois Regional,DuBois,PA,317.23,367.25,140
2021,387,AOO,Altoona-Blair County,Altoona,PA,423.19,489.91,134
2021,388,IRK,Kirksville Regional,Kirksville,MO,340.75,394.47,133
2021,389,OWB,Owensboro Daviess County Regional,Owensboro,KY,131.52,152.26,129
2021,390,TUP,Tupelo Regional,Tupelo,MS,357.41,413.75,126
2021,391,RUT,Rutland - Southern Vermont Regional,Rutland,VT,389.39,450.78,124
2021,392,MKG,Muskegon County,Muskegon,MI,370.17,428.53,107
2021,393,BKG,Branson Airport,Branson,MO,105.27,121.87,105
2021,393,UIN,Quincy Regional-Baldwin Field,Quincy,IL,376.33,435.66,105
2021,395,CEZ,Cortez Municipal,Cortez,CO,465.34,538.71,98
2021,396,TVF,Thief River Falls Regional,Thief River Falls,MN,402.32,465.74,96
2021,397,PVC,Provincetown Municipal,Provincetown,MA,627.07,725.93,94
2021,398,AIA,Alliance Municipal,Alliance,NE,429.51,497.23,92
2021,399,MSL,Northwest Alabama Regional,Muscle Shoals,AL,370,428.33,91
2021,400,PUB,Pueblo Memorial,Pueblo,CO,336.71,389.79,86
2021,400,SLK,Adirondack Regional,Saranac Lake/Lake Placid,NY,467,540.62,86
2021,402,MCK,McCook Ben Nelson Regional,McCook,NE,446.82,517.26,67
2021,402,SDY,Sidney Richland Regional,Sidney,MT,438.43,507.54,67
2021,404,HOM,Homer Airport,Homer,AK,479.79,555.43,66
2021,405,DUT,Unalaska Airport,Unalaska,AK,1073.25,1242.45,64
2021,406,BFD,Bradford Regional,Bradford,PA,388.78,450.08,62
2021,406,SOW,Show Low Regional,Show Low,AZ,462,534.84,62
2021,408,GLH,Greenville Mid Delta,Greenville,MS,376.45,435.79,61
2021,409,VQS,Antonio Rivera Rodriguez,Vieques,PR,631.06,730.55,59
2021,410,ADK,Adak,Adak Island,AK,797.13,922.8,57
2021,410,MAZ,Eugenio Maria de Hostos,Mayaguez,PR,442.89,512.71,57
2021,412,MSS,Massena International-Richards Field,Massena,NY,380.13,440.06,52
2021,413,MKK,Molokai,Hoolehua,HI,472.54,547.04,39
2021,413,HOT,Memorial Field,Hot Springs,AR,250.7,290.22,39
2021,413,IPT,Williamsport Regional,Williamsport,PA,320.84,371.42,39
2021,416,HRO,Boone County,Harrison,AR,360.65,417.5,30
2021,417,CDR,Chadron Municipal,Chadron,NE,416.85,482.57,29
2021,417,GDV,Dawson Community,Glendive,MT,439.5,508.79,29
2021,419,ELD,South Arkansas Regional at Goodwin Field,El Dorado,AR,390.5,452.06,24
2021,420,OLF,L. M. Clayton,Wolf Point,MT,770,891.39,19
2021,421,PDT,Eastern Oregon Regional at Pendleton,Pendleton,OR,457.27,529.36,17
2021,421,MKL,McKellar-Sipes Regional,Jackson,TN,362.55,419.7,17
2021,423,LNY,Lanai Airport,Lanai,HI,811,938.86,16
2021,424,CPX,Benjamin Rivera Noriega,Culebra,PR,430.57,498.45,15
2021,425,HVR,Havre City-County,Havre,MT,357.63,414.01,14
2021,426,GGW,Wokal Field Glasgow Valley County,Glasgow,MT,467.85,541.6,12
2021,426,VDZ,Valdez Pioneer Field,Valdez,AK,565,654.07,12
2021,428,JHM,Kapalua Airport,Kapalua,HI,570,659.86,6
2021,429,CDB,Cold Bay Airport,Cold Bay,AK,714.8,827.49,5
2021,430,KSM,St. Mary's Airport,St. Mary's,AK,524,606.61,2
2021,430,MCN,Middle Georgia Regional,Macon,GA,396.17,458.62,2
2021,430,SNP,St. Paul Island,St. Paul,AK,1281.33,1483.34,2
2021,433,SDP,Sand Point,Sandpoint,AK,781.75,905,1
2021,434,HNM,Hana Airport,Hana,HI,1164,1347.51, -   
2021,434,FNL,Northern Colorado Regional,Fort Collins/Loveland,CO,146.09,169.12, -   
2021,434,DRT,Del Rio International,Del Rio,TX,377.58,437.11, -   
2021,434,MCE,Merced Yosemite Regional,Merced,CA,378.85,438.58, -   
2021,434,CEC,Jack McNamara Field,Crescent City,CA,328,379.71, -   
2021,434,CNM,Cavern City Air Terminal,Carlsbad,NM,467.78,541.52, -   
2021,434,ENA,Kenai Municipal,Kenai,AK,504.15,583.64, -   
2021,434,MKT,Mankato Regional,Mankato,MN,239.44,277.19, -   
2020,1,LAX,Los Angeles International,Los Angeles,CA,291.59,353.41,"12,84,083"
2020,2,ORD,Chicago O'Hare International,Chicago-O'Hare,IL,276.92,335.63,"10,89,038"
2020,3,DEN,Denver International,Denver,CO,252.89,306.52,"10,23,630"
2020,4,ATL,Hartsfield-Jackson Atlanta International,Atlanta,GA,299.23,362.68,"10,12,618"
2020,5,BOS,Logan International,Boston,MA,290.54,352.14,"9,86,868"
2020,6,EWR,Newark Liberty International,Newark,NJ,305.94,370.81,"9,40,299"
2020,7,DFW,Dallas/Fort Worth International,Dallas-DFW,TX,323.76,392.4,"8,94,683"
2020,8,SEA,Seattle/Tacoma International,Seattle,WA,287.04,347.91,"8,80,202"
2020,9,MCO,Orlando International,Orlando,FL,215.74,261.49,"8,45,562"
2020,10,SFO,San Francisco International,San Francisco,CA,338.28,410.01,"8,44,286"
2020,11,PHX,Phoenix Sky Harbor International,Phoenix,AZ,280.89,340.45,"8,25,399"
2020,12,LGA,LaGuardia,New York-La Guardia,NY,279.91,339.27,"7,95,129"
2020,13,JFK,John F. Kennedy International,New York-JFK,NY,344.35,417.37,"7,50,626"
2020,14,LAS,Harry Reid International,Las Vegas,NV,210.13,254.68,"6,75,568"
2020,15,MSP,Minneapolis-St Paul International,Minneapolis,MN,314.42,381.09,"6,57,943"
2020,16,IAH,George Bush Intercontinental/Houston,Houston-Intercontinental,TX,324.51,393.31,"6,27,878"
2020,17,PHL,Philadelphia International,Philadelphia,PA,293.15,355.31,"6,18,958"
2020,18,SAN,San Diego International,San Diego,CA,282.96,342.96,"5,96,023"
2020,19,FLL,Fort Lauderdale-Hollywood International,Fort Lauderdale,FL,214.33,259.78,"5,85,196"
2020,20,DTW,Detroit Metro Wayne County,Detroit,MI,313.78,380.31,"5,72,843"
2020,21,DCA,Ronald Reagan Washington National,Washington-Reagan National,DC,315.73,382.68,"5,47,638"
2020,22,TPA,Tampa International,Tampa,FL,258.94,313.84,"5,34,514"
2020,23,BWI,Baltimore/Washington International Thurgood Marshall,Baltimore,MD,267.48,324.19,"4,89,183"
2020,24,MIA,Miami International,Miami,FL,265.82,322.18,"4,78,084"
2020,25,AUS,Austin - Bergstrom International,Austin,TX,285.64,346.2,"4,72,888"
2020,26,CLT,Charlotte Douglas International,Charlotte,NC,335.27,406.36,"4,46,301"
2020,27,PDX,Portland International,Portland,OR,289.01,350.29,"4,41,785"
2020,28,BNA,Nashville International,Nashville,TN,271.04,328.51,"4,41,195"
2020,29,SLC,Salt Lake City International,Salt Lake City,UT,329.56,399.45,"4,34,499"
2020,30,RDU,Raleigh-Durham International,Raleigh/Durham,NC,288.82,350.06,"4,03,082"
2020,31,SMF,Sacramento International,Sacramento,CA,282.8,342.76,"3,67,629"
2020,32,HNL,Daniel K Inouye International,Honolulu,HI,296.31,359.13,"3,55,128"
2020,33,MDW,Chicago Midway International,Chicago-Midway,IL,234.64,284.39,"3,49,329"
2020,34,STL,St Louis Lambert International,St. Louis,MO,301.17,365.03,"3,17,689"
2020,35,IAD,Washington Dulles International,Washington-Dulles,DC,379.19,459.59,"3,16,263"
2020,36,SJC,Norman Y. Mineta San Jose International,San Jose,CA,256.71,311.14,"3,05,263"
2020,37,MCI,Kansas City International,Kansas City,MO,308.82,374.3,"2,97,424"
2020,38,DAL,Dallas Love Field,Dallas-Love Field,TX,259.47,314.49,"2,89,935"
2020,39,IND,Indianapolis International,Indianapolis,IN,286.55,347.31,"2,89,135"
2020,40,CLE,Cleveland-Hopkins International,Cleveland,OH,256.61,311.02,"2,75,340"
2020,41,PIT,Pittsburgh International,Pittsburgh,PA,292.82,354.91,"2,73,272"
2020,42,OAK,Metro Oakland International,Oakland,CA,250.02,303.04,"2,68,902"
2020,43,MSY,Louis Armstrong New Orleans International,New Orleans,LA,253.71,307.51,"2,68,725"
2020,44,SJU,Luis Munoz Marin International,San Juan,PR,207.74,251.79,"2,62,979"
2020,45,SAT,San Antonio International,San Antonio,TX,311.92,378.06,"2,61,417"
2020,46,CVG,Cincinnati/Northern Kentucky International,Cincinnati,OH,266.05,322.46,"2,54,552"
2020,47,SNA,John Wayne Airport-Orange County,Santa Ana,CA,325.27,394.24,"2,54,126"
2020,48,CMH,John Glenn Columbus International,Columbus,OH,300.08,363.71,"2,44,751"
2020,49,HOU,William P Hobby,Houston-Hobby,TX,269.28,326.38,"2,29,047"
2020,50,RSW,Southwest Florida International,Fort Myers,FL,258.39,313.18,"2,15,751"
2020,51,BDL,Bradley International,Hartford,CT,312.68,378.98,"2,10,677"
2020,52,PBI,Palm Beach International,West Palm Beach/Palm Beach,FL,291.9,353.8,"2,07,211"
2020,53,ONT,Ontario International,Ontario,CA,286.54,347.3,"1,98,746"
2020,54,JAX,Jacksonville International,Jacksonville,FL,305.89,370.75,"1,90,561"
2020,55,BUR,Bob Hope,Burbank,CA,250.21,303.26,"1,83,243"
2020,56,MKE,General Mitchell International,Milwaukee,WI,302.28,366.37,"1,79,994"
2020,57,BUF,Buffalo Niagara International,Buffalo,NY,289.22,350.55,"1,46,872"
2020,58,RIC,Richmond International,Richmond,VA,319.54,387.3,"1,45,166"
2020,59,CHS,Charleston AFB/International,Charleston,SC,303.39,367.72,"1,44,183"
2020,60,OMA,Eppley Airfield,Omaha,NE,307.78,373.04,"1,43,403"
2020,61,BOI,Boise Air Terminal,Boise,ID,291.75,353.62,"1,35,151"
2020,62,ORF,Norfolk International,Norfolk,VA,330.4,400.46,"1,35,070"
2020,63,MEM,Memphis International,Memphis,TN,302.55,366.71,"1,33,439"
2020,64,ABQ,Albuquerque International Sunport,Albuquerque,NM,295.48,358.13,"1,33,295"
2020,65,PVD,Rhode Island Tf Green International,Providence,RI,283.06,343.08,"1,23,931"
2020,66,GRR,Gerald R. Ford International,Grand Rapids,MI,294.91,357.45,"1,22,792"
2020,67,SDF,Louisville Muhammad Ali International,Louisville,KY,304.49,369.06,"1,22,639"
2020,68,OKC,Will Rogers World,Oklahoma City,OK,311.12,377.09,"1,21,164"
2020,69,ELP,El Paso International,El Paso,TX,304.21,368.71,"1,20,309"
2020,70,ANC,Ted Stevens Anchorage International,Anchorage,AK,422.21,511.73,"1,13,291"
2020,71,GEG,Spokane International,Spokane,WA,297.76,360.89,"1,12,587"
2020,72,OGG,Kahului Airport,Kahului,HI,260.14,315.3,"1,12,368"
2020,73,RNO,Reno/Tahoe International,Reno,NV,295.83,358.56,"1,09,805"
2020,74,LGB,Long Beach Airport,Long Beach,CA,210.01,254.54,"1,02,848"
2020,75,TUS,Tucson International,Tucson,AZ,311.91,378.04,"1,02,184"
2020,76,SYR,Syracuse Hancock International,Syracuse,NY,315.61,382.53,"94,536"
2020,77,DSM,Des Moines International,Des Moines,IA,303.32,367.64,"91,115"
2020,78,ALB,Albany International,Albany,NY,322,390.28,"88,845"
2020,79,TUL,Tulsa International,Tulsa,OK,314.39,381.06,"88,037"
2020,80,BHM,Birmingham-Shuttlesworth International,Birmingham,AL,345.79,419.12,"87,795"
2020,81,SRQ,Sarasota/Bradenton International,Sarasota/Bradenton,FL,277.4,336.22,"86,365"
2020,82,HPN,Westchester County,White Plains,NY,357.56,433.38,"85,416"
2020,83,SAV,Savannah/Hilton Head International,Savannah,GA,335.95,407.18,"85,268"
2020,84,ROC,Frederick Douglass Grtr Rochester International,Rochester,NY,321.74,389.96,"81,114"
2020,85,TYS,McGhee Tyson,Knoxville,TN,328.57,398.24,"80,983"
2020,86,KOA,Ellison Onizuka Kona International at Keahole,Kona,HI,251.88,305.29,"75,880"
2020,87,GSP,Greenville-Spartanburg International,Greer,SC,333.03,403.65,"74,606"
2020,88,PNS,Pensacola International,Pensacola,FL,313.95,380.52,"72,946"
2020,89,COS,City of Colorado Springs Municipal,Colorado Springs,CO,333.03,403.64,"67,750"
2020,90,MYR,Myrtle Beach International,Myrtle Beach,SC,254.55,308.53,"67,308"
2020,91,MSN,Dane County Regional-Truax Field,Madison,WI,361.62,438.3,"67,201"
2020,92,LIH,Lihue Airport,Lihue,HI,236.2,286.29,"66,233"
2020,93,FAT,Fresno Yosemite International,Fresno,CA,335.31,406.41,"65,689"
2020,94,PWM,Portland International Jetport,Portland,ME,306.21,371.14,"65,280"
2020,95,LIT,Bill and Hillary Clinton Nat Adams Field,Little Rock,AR,320.37,388.3,"63,818"
2020,96,XNA,Northwest Arkansas National,Fayetteville,AR,373.86,453.13,"60,392"
2020,97,BZN,Bozeman Yellowstone International,Bozeman,MT,351.82,426.42,"56,214"
2020,98,AVL,Asheville Regional,Asheville,NC,257.67,312.3,"52,773"
2020,99,PSP,Palm Springs International,Palm Springs,CA,329.29,399.11,"52,513"
2020,100,GSO,Piedmont Triad International,Greensboro/High Point,NC,347.52,421.21,"52,146"
2020,101,ICT,Wichita Dwight D Eisenhower National,Wichita,KS,313.87,380.42,"50,450"
2020,102,PIE,St Pete Clearwater International,St. Petersburg,FL,107.16,129.89,"48,668"
2020,103,SFB,Orlando Sanford International,Sanford,FL,105.49,127.86,"48,131"
2020,104,EUG,Mahlon Sweet Field,Eugene,OR,310.24,376.02,"48,046"
2020,105,CID,The Eastern Iowa,Cedar Rapids/Iowa City,IA,308.72,374.18,"46,040"
2020,106,HVN,Tweed New Haven,New Haven,CT,315.51,382.4,"45,855"
2020,107,HSV,Huntsville International-Carl T Jones Field,Huntsville,AL,427.02,517.57,"44,464"
2020,108,MDT,Harrisburg International,Harrisburg,PA,336.97,408.42,"42,667"
2020,109,ISP,Long Island MacArthur,Islip,NY,237.92,288.37,"42,627"
2020,110,LEX,Blue Grass,Lexington,KY,328.24,397.84,"42,439"
2020,111,MAF,Midland International Air and Space Port,Midland/Odessa,TX,352.23,426.92,"41,759"
2020,112,FSD,Joe Foss Field,Sioux Falls,SD,331.06,401.26,"40,697"
2020,113,AZA,Phoenix - Mesa Gateway,Phoenix,AZ,118.56,143.7,"40,330"
2020,114,MFE,McAllen International,Mission/McAllen/Edinburg,TX,332.75,403.31,"39,274"
2020,115,VPS,Eglin AFB Destin Fort Walton Beach,Valparaiso,FL,315.6,382.52,"38,296"
2020,116,ILM,Wilmington International,Wilmington,NC,361.58,438.25,"38,008"
2020,117,ITO,Hilo International,Hilo,HI,164.11,198.91,"37,948"
2020,118,SGF,Springfield-Branson National,Springfield,MO,328.1,397.67,"37,755"
2020,119,PGD,Punta Gorda Airport,Punta Gorda,FL,116.15,140.78,"37,063"
2020,120,MHT,Manchester Boston Regional,Manchester,NH,320.99,389.06,"37,031"
2020,121,BTV,Burlington International,Burlington,VT,379.47,459.93,"36,575"
2020,122,SBA,Santa Barbara Municipal,Santa Barbara,CA,374.5,453.9,"36,080"
2020,123,JAN,Jackson Medgar Wiley Evers International,Jackson/Vicksburg,MS,428.12,518.9,"35,868"
2020,124,ATW,Appleton International,Appleton,WI,332.88,403.46,"35,369"
2020,125,CAE,Columbia Metropolitan,Columbia,SC,365.91,443.5,"35,315"
2020,126,DAY,James M Cox/Dayton International,Dayton,OH,353.17,428.05,"35,189"
2020,127,ECP,Northwest Florida Beaches International,Panama City,FL,296.31,359.13,"33,188"
2020,128,RDM,Roberts Field,Bend/Redmond,OR,314.44,381.11,"33,127"
2020,129,FAR,Hector International,Fargo,ND,355.6,431,"32,694"
2020,130,CHA,Lovell Field,Chattanooga,TN,359,435.12,"31,471"
2020,131,LBB,Lubbock Preston Smith International,Lubbock,TX,319.77,387.57,"30,395"
2020,132,ABE,Lehigh Valley International,Allentown/Bethlehem/Easton,PA,254.11,307.99,"29,795"
2020,133,HRL,Valley International,Harlingen/San Benito,TX,259.01,313.93,"29,191"
2020,134,ACY,Atlantic City International,Atlantic City,NJ,106.56,129.16,"28,530"
2020,135,MFR,Rogue Valley International - Medford,Medford,OR,311.65,377.73,"28,387"
2020,136,SBN,South Bend International,South Bend,IN,288.96,350.23,"27,926"
2020,137,PSC,Tri Cities,Pasco/Kennewick/Richland,WA,350.29,424.56,"27,906"
2020,138,FAI,Fairbanks International,Fairbanks,AK,420.65,509.85,"27,618"
2020,139,PVU,Provo Municipal,Provo,UT,105.51,127.88,"27,400"
2020,140,FWA,Fort Wayne International,Fort Wayne,IN,297.67,360.79,"26,685"
2020,141,TLH,Tallahassee International,Tallahassee,FL,399.3,483.96,"25,686"
2020,142,MSO,Missoula Montana,Missoula,MT,341.8,414.27,"25,558"
2020,143,CAK,Akron-Canton Regional,Akron,OH,315.01,381.8,"25,340"
2020,144,BIL,Billings Logan International,Billings,MT,348.38,422.24,"25,278"
2020,145,STT,Cyril E King,Charlotte Amalie,VI,325.07,393.99,"23,386"
2020,146,BTR,Baton Rouge Metropolitan/Ryan Field,Baton Rouge,LA,380.18,460.79,"22,788"
2020,147,PIA,General Downing - Peoria International,Peoria,IL,269.7,326.88,"22,607"
2020,148,STS,Charles M. Schulz - Sonoma County,Santa Rosa,CA,300.42,364.12,"21,711"
2020,149,AMA,Rick Husband Amarillo International,Amarillo,TX,322.95,391.43,"21,618"
2020,150,FCA,Glacier Park International,Kalispell,MT,347.98,421.77,"21,498"
2020,151,ROA,Roanoke Blacksburg Regional,Roanoke,VA,375.65,455.3,"21,008"
2020,152,BQN,Rafael Hernandez,Aguadilla,PR,188.6,228.59,"20,736"
2020,153,CHO,Charlottesville Albemarle,Charlottesville,VA,364.18,441.41,"20,466"
2020,154,MLI,Quad Cities International,Moline,IL,313.71,380.23,"20,094"
2020,155,RAP,Rapid City Regional,Rapid City,SD,350.38,424.68,"20,028"
2020,156,SBP,San Luis County Regional,San Luis Obispo,CA,378.74,459.05,"19,797"
2020,157,FNT,Bishop International,Flint,MI,243.4,295.01,"19,789"
2020,158,CRP,Corpus Christi International,Corpus Christi,TX,357.76,433.62,"19,530"
2020,159,PAE,Snohomish County,Everett,WA,273.54,331.54,"19,523"
2020,160,SHV,Shreveport Regional,Shreveport,LA,387.44,469.59,"19,446"
2020,161,TVC,Cherry Capital,Traverse City,MI,347.45,421.12,"19,320"
2020,162,BGR,Bangor International,Bangor,ME,323.02,391.51,"19,034"
2020,163,GRB,Green Bay Austin Straubel International,Green Bay,WI,399.84,484.63,"18,187"
2020,164,BIS,Bismarck Municipal,Bismarck/Mandan,ND,339.06,410.95,"17,904"
2020,165,BLI,Bellingham International,Bellingham,WA,227.17,275.33,"17,664"
2020,166,AGS,Augusta Regional at Bush Field,Augusta,GA,355.1,430.4,"17,458"
2020,167,IDA,Idaho Falls Regional,Idaho Falls,ID,395.54,479.41,"17,151"
2020,168,DAB,Daytona Beach International,Daytona Beach,FL,342.5,415.12,"16,860"
2020,169,JAC,Jackson Hole,Jackson,WY,447.66,542.58,"16,840"
2020,170,TTN,Trenton Mercer,Trenton,NJ,120.02,145.47,"16,828"
2020,171,GNV,Gainesville Regional,Gainesville,FL,358.27,434.23,"16,639"
2020,172,EYW,Key West International,Key West,FL,352.67,427.45,"16,616"
2020,173,GPT,Gulfport-Biloxi International,Gulfport/Biloxi,MS,351.18,425.64,"16,550"
2020,174,MOB,Mobile Regional,Mobile,AL,387.91,470.16,"15,611"
2020,175,LFT,Lafayette Regional Paul Fournet Field,Lafayette,LA,398.08,482.49,"14,541"
2020,176,MRY,Monterey Regional,Monterey,CA,350.56,424.89,"14,130"
2020,177,AVP,Wilkes Barre Scranton International,Scranton/Wilkes-Barre,PA,357.81,433.68,"14,115"
2020,178,JNU,Juneau International,Juneau,AK,387.88,470.12,"14,056"
2020,179,GJT,Grand Junction Regional,Grand Junction,CO,355.06,430.34,"13,880"
2020,180,TRI,Tri Cities,Bristol/Johnson City/Kingsport,TN,401.39,486.5,"12,639"
2020,181,MLB,Melbourne Orlando International,Melbourne,FL,353.91,428.95,"12,470"
2020,182,BRO,Brownsville South Padre Island International,Brownsville,TX,328.52,398.18,"12,172"
2020,183,BFL,Meadows Field,Bakersfield,CA,386.45,468.39,"11,994"
2020,184,DRO,Durango La Plata County,Durango,CO,436.33,528.85,"11,912"
2020,185,CRW,West Virginia International Yeager,Charleston/Dunbar,WV,403.56,489.14,"11,747"
2020,186,ASE,Aspen Pitkin County Sardy Field,Aspen,CO,500.37,606.47,"11,153"
2020,187,BLV,Scott AFB MidAmerica St Louis,Belleville,IL,120.1,145.56,"11,114"
2020,188,GTF,Great Falls International,Great Falls,MT,363.06,440.04,"10,663"
2020,189,EVV,Evansville Regional,Evansville,IN,347.37,421.02,"10,601"
2020,190,FAY,Fayetteville Regional/Grannis Field,Fayetteville,NC,360.81,437.32,"10,527"
2020,191,MOT,Minot International,Minot,ND,378.95,459.3,"10,415"
2020,192,LCK,Rickenbacker International,Columbus,OH,114.94,139.31,"10,393"
2020,193,MGM,Montgomery Regional,Montgomery,AL,416.3,504.58,"10,260"
2020,194,MTJ,Montrose Regional,Montrose/Delta,CO,396.57,480.66,"10,218"
2020,195,LRD,Laredo International,Laredo,TX,354.76,429.99,"9,858"
2020,196,BMI,Central Il Regional Airport at Bloomington,Bloomington/Normal,IL,290.84,352.51,"9,540"
2020,197,ORH,Worcester Regional,Worcester,MA,313.18,379.59,"9,491"
2020,198,RFD,Chicago/Rockford International,Rockford,IL,141.08,171,"9,435"
2020,199,STX,Henry E. Rohlsen,Christiansted,VI,404.12,489.81,"8,986"
2020,200,OAJ,Albert J Ellis,Jacksonville/Camp Lejeune,NC,346.27,419.69,"8,903"
2020,201,PSE,Mercedita,Ponce,PR,204.65,248.04,"8,826"
2020,202,SGU,St George Regional,St. George,UT,332.52,403.02,"7,927"
2020,203,EGE,Eagle County Regional,Eagle,CO,518.92,628.95,"7,923"
2020,204,SAF,Santa Fe Municipal,Santa Fe,NM,365.03,442.43,"7,660"
2020,205,SCE,University Park,State College,PA,374.75,454.22,"7,557"
2020,206,ACV,California Redwood Coast Humboldt County,Arcata/Eureka,CA,448.35,543.42,"7,528"
2020,207,DLH,Duluth International,Duluth,MN,374.82,454.29,"7,375"
2020,208,PBG,Plattsburgh International,Plattsburgh,NY,222.28,269.42,"6,860"
2020,209,LAN,Capital Region International,Lansing,MI,351.27,425.76,"6,720"
2020,210,HDN,Yampa Valley,Hayden,CO,404.78,490.6,"6,709"
2020,211,XWA,Williston Basin International,Williston,ND,549.2,665.66,"6,630"
2020,212,LNK,Lincoln Airport,Lincoln,NE,414.17,501.99,"6,629"
2020,213,USA,Concord Padgett Regional,Concord,NC,107.77,130.62,"6,582"
2020,214,SWF,New York Stewart International,Newburgh/Poughkeepsie,NY,232.54,281.85,"6,432"
2020,215,MBS,MBS International,Saginaw/Bay City/Midland,MI,464.82,563.38,"6,283"
2020,216,HTS,Tri-State/Milton J. Ferguson Field,Ashland,WV,170.83,207.05,"6,189"
2020,217,MLU,Monroe Regional,Monroe,LA,391.11,474.04,"6,137"
2020,218,GRK,Robert Gray AAF,Killeen,TX,332.23,402.67,"5,882"
2020,219,LBE,Arnold Palmer Regional,Latrobe,PA,107.87,130.75,"5,672"
2020,220,AZO,Kalamazoo/Battle Creek International,Kalamazoo,MI,395.22,479.02,"5,637"
2020,221,HLN,Helena Regional,Helena,MT,429.48,520.54,"5,609"
2020,222,ABI,Abilene Regional,Abilene,TX,412.88,500.43,"5,572"
2020,223,ELM,Elmira/Corning Regional,Elmira/Corning,NY,326.73,396.01,"5,534"
2020,224,CPR,Casper/Natrona County International,Casper,WY,463.22,561.44,"5,500"
2020,225,BET,Bethel Airport,Bethel,AK,362.6,439.49,"5,442"
2020,226,ACK,Nantucket Memorial,Nantucket,MA,294.93,357.47,"5,436"
2020,227,LCH,Lake Charles Regional,Lake Charles,LA,421.57,510.95,"5,431"
2020,228,GFK,Grand Forks International,Grand Forks,ND,403.06,488.53,"5,419"
2020,229,KTN,Ketchikan International,Ketchikan,AK,436.63,529.21,"5,377"
2020,230,CWA,Central Wisconsin,Mosinee,WI,404.93,490.79,"5,375"
2020,230,COU,Columbia Regional,Columbia,MO,373.44,452.63,"5,375"
2020,232,RDD,Redding Regional,Redding,CA,454.27,550.59,"5,149"
2020,233,EWN,Coastal Carolina Regional,New Bern/Morehead/Beaufort,NC,372.72,451.75,"5,024"
2020,234,AEX,Alexandria International,Alexandria,LA,405.28,491.21,"5,014"
2020,235,LYH,Lynchburg Regional/Preston Glenn Field,Lynchburg,VA,374.4,453.79,"4,980"
2020,236,MHK,Manhattan Regional,Manhattan/Ft. Riley,KS,441.36,534.95,"4,941"
2020,237,SUN,Friedman Memorial,Sun Valley/Hailey/Ketchum,ID,458.09,555.22,"4,889"
2020,238,CMI,University of Illinois/Willard,Champaign/Urbana,IL,458.36,555.55,"4,867"
2020,239,RST,Rochester International,Rochester,MN,339.18,411.1,"4,832"
2020,240,GUM,Guam International,Guam,TT,1311.98,1590.17,"4,466"
2020,241,TOL,Eugene F Kranz Toledo Express,Toledo,OH,211.41,256.24,"4,355"
2020,242,IAG,Niagara Falls International,Niagara Falls,NY,153.71,186.3,"4,190"
2020,243,YUM,Yuma MCAS/Yuma International,Yuma,AZ,402.77,488.18,"4,071"
2020,244,PHF,Newport News/Williamsburg International,Newport News/Williamsburg,VA,387.47,469.63,"3,955"
2020,245,SCK,Stockton Metro,Stockton,CA,127,153.93,"3,948"
2020,246,ITH,Ithaca Tompkins International,Ithaca/Cortland,NY,393.36,476.77,"3,911"
2020,247,GRI,Central Nebraska Regional,Grand Island,NE,243.74,295.42,"3,849"
2020,248,PSM,Portsmouth International at Pease,Portsmouth,NH,175.84,213.13,"3,847"
2020,249,SIT,Sitka Rocky Gutierrez,Sitka,AK,406.58,492.79,"3,745"
2020,250,CLL,Easterwood Field,College Station/Bryan,TX,361.57,438.23,"3,669"
2020,251,PUW,Pullman Moscow Regional,Pullman,WA,347.94,421.71,"3,643"
2020,252,HHH,Hilton Head Airport,Hilton Head,SC,356.22,431.75,"3,578"
2020,253,FLG,Flagstaff Pulliam,Flagstaff,AZ,337.48,409.04,"3,507"
2020,254,ADQ,Kodiak Airport,Kodiak,AK,477.17,578.34,"3,500"
2020,255,SPI,Abraham Lincoln Capital,Springfield,IL,282.51,342.41,"3,455"
2020,256,LWS,Lewiston Nez Perce County,Lewiston,ID,459.32,556.71,"3,448"
2020,257,SBY,Salisbury-Ocean City/Wicomico Regional,Salisbury,MD,381.45,462.33,"3,343"
2020,258,TYR,Tyler Pounds Regional,Tyler,TX,413.25,500.88,"3,286"
2020,259,ACT,Waco Regional,Waco,TX,445.28,539.69,"3,244"
2020,260,MVY,Martha's Vineyard Airport,Martha's Vineyard,MA,281.17,340.79,"3,230"
2020,261,FSM,Fort Smith Regional,Fort Smith,AR,435.48,527.82,"3,187"
2020,262,CSG,Columbus Airport,Columbus,GA,417.41,505.92,"3,020"
2020,263,ERI,Erie International/Tom Ridge Field,Erie,PA,332.09,402.5,"2,916"
2020,264,VLD,Valdosta Regional,Valdosta,GA,489.35,593.11,"2,803"
2020,265,HGR,Hagerstown Regional-Richard A. Henson Field,Hagerstown,MD,110.24,133.62,"2,783"
2020,266,SJT,San Angelo Regional/Mathis Field,San Angelo,TX,422.17,511.68,"2,754"
2020,267,ROW,Roswell Air Center,Roswell,NM,422.18,511.7,"2,702"
2020,268,EAT,Pangborn Memorial,Wenatchee,WA,338.85,410.69,"2,587"
2020,269,PGV,Pitt Greenville,Greenville,NC,356.34,431.89,"2,490"
2020,270,YKM,Yakima Air Terminal/McAllister Field,Yakima,WA,379.23,459.64,"2,476"
2020,271,GTR,Golden Triangle Regional,Columbus,MS,491.61,595.85,"2,412"
2020,272,LAW,Lawton-Fort Sill Regional,Lawton/Fort Sill,OK,386.75,468.76,"2,405"
2020,273,TXK,Texarkana Regional-Webb Field,Texarkana,AR,407.76,494.23,"2,325"
2020,274,MQT,Marquette Sawyer Regional,Marquette,MI,408.94,495.66,"2,316"
2020,275,OME,Nome Airport,Nome,AK,506.4,613.77,"2,311"
2020,276,CKB,North Central West Virginia,Clarksburg/Fairmont,WV,224.47,272.07,"2,195"
2020,277,GGG,East Texas Regional,Longview,TX,390.88,473.76,"2,190"
2020,278,BPT,Jack Brooks Regional,Beaumont/Port Arthur,TX,369.14,447.42,"2,120"
2020,279,OTZ,Ralph Wien Memorial,Kotzebue,AK,469.91,569.55,"2,107"
2020,280,SWO,Stillwater Regional,Stillwater,OK,371.52,450.3,"2,029"
2020,281,ALW,Walla Walla Regional,Walla Walla,WA,322.09,390.38,"1,977"
2020,282,DHN,Dothan Regional,Dothan,AL,519.37,629.49,"1,974"
2020,283,PPG,Pago Pago International,Pago Pago,TT,1093.51,1325.38,"1,942"
2020,284,LSE,La Crosse Regional,La Crosse,WI,373.58,452.8,"1,939"
2020,285,SCC,Deadhorse Airport,Deadhorse,AK,446.9,541.66,"1,933"
2020,286,BRW,Wiley Post/Will Rogers Memorial,Barrow,AK,457.41,554.4,"1,914"
2020,287,SPS,Sheppard AFB/Wichita Falls Municipal,Wichita Falls,TX,369.37,447.69,"1,907"
2020,288,BQK,Brunswick Golden Isles,Brunswick,GA,454.18,550.48,"1,856"
2020,289,TWF,Joslin Field - Magic Valley Regional,Twin Falls,ID,487.35,590.69,"1,848"
2020,290,BGM,Greater Binghamton/Edwin A. Link Field,Binghamton,NY,427.94,518.69,"1,769"
2020,291,CYS,Cheyenne Regional/Jerry Olson Field,Cheyenne,WY,382.8,463.97,"1,741"
2020,292,BJI,Bemidji Regional,Bemidji,MN,469.67,569.26,"1,737"
2020,293,STC,St. Cloud Regional,St. Cloud,MN,212.06,257.03,"1,726"
2020,294,GUC,Gunnison-Crested Butte Regional,Gunnison,CO,424.97,515.08,"1,725"
2020,295,ABY,Southwest Georgia Regional,Albany,GA,425.9,516.21,"1,697"
2020,296,CIU,Chippewa County International,Sault Ste. Marie,MI,467.94,567.16,"1,670"
2020,297,GCC,Northeast Wyoming Regional,Gillette,WY,481.35,583.42,"1,653"
2020,298,COD,Yellowstone Regional,Cody,WY,430.65,521.96,"1,631"
2020,299,GCK,Garden City Regional,Garden City,KS,354.15,429.24,"1,613"
2020,300,FLO,Florence Regional,Florence,SC,378.95,459.3,"1,496"
2020,301,SHR,Sheridan County,Sheridan,WY,481,582.99,"1,488"
2020,302,ART,Watertown International,Watertown,NY,345.68,418.98,"1,484"
2020,303,HOB,Lea County Regional,Hobbs,NM,444.87,539.2,"1,481"
2020,304,DIK,Dickinson - Theodore Roosevelt Regional,Dickinson,ND,481.5,583.59,"1,442"
2020,305,RHI,Rhinelander/Oneida County,Rhinelander,WI,455.04,551.52,"1,431"
2020,306,PLN,Pellston Regional Airport of Emmet County,Pellston,MI,454.66,551.07,"1,430"
2020,307,ABR,Aberdeen Regional,Aberdeen,SD,470.77,570.59,"1,417"
2020,308,PIH,Pocatello Regional,Pocatello,ID,477.91,579.24,"1,386"
2020,309,DLG,Dillingham Airport,Dillingham,AK,477.04,578.19,"1,385"
2020,310,SPN,Francisco C. Ada Saipan International,Saipan,TT,598.18,725.02,"1,357"
2020,311,PQI,Presque Isle International,Presque Isle/Houlton,ME,459.91,557.43,"1,349"
2020,312,EAU,Chippewa Valley Regional,Eau Claire,WI,418.49,507.23,"1,210"
2020,313,RKS,Southwest Wyoming Regional,Rock Springs,WY,478.53,579.99,"1,198"
2020,314,IMT,Ford,Iron Mountain/Kingsfd,MI,403.23,488.73,"1,197"
2020,315,RIW,Central Wyoming Regional,Riverton/Lander,WY,466.69,565.64,"1,179"
2020,316,OGD,Ogden-Hinckley,Ogden,UT,97.14,117.74,"1,155"
2020,317,CMX,Houghton County Memorial,Hancock/Houghton,MI,441.76,535.43,"1,092"
2020,318,SUX,Sioux Gateway Brig Gen Bud Day Field,Sioux City,IA,385.85,467.67,"1,055"
2020,319,PSG,Petersburg James A Johnson,Petersburg,AK,408.23,494.79,"1,000"
2020,320,BRD,Brainerd Lakes Regional,Brainerd,MN,482.56,584.88,964
2020,321,LAR,Laramie Regional,Laramie,WY,429.9,521.06,961
2020,322,AKN,King Salmon Airport,King Salmon,AK,508.25,616.02,959
2020,323,ESC,Delta County,Escanaba,MI,415.03,503.03,951
2020,324,HYA,Cape Cod Gateway,Hyannis,MA,241.48,292.68,950
2020,325,LBF,North Platte Regional Airport Lee Bird Field,North Platte,NE,431.19,522.62,919
2020,326,BTM,Bert Mooney,Butte,MT,463.5,561.77,907
2020,327,MEI,Key Field,Meridian,MS,407.42,493.81,844
2020,328,JST,John Murtha Johnstown-Cambria County,Johnstown,PA,356,431.49,813
2020,329,CDV,Merle K Mudhole Smith,Cordova,AK,412.66,500.16,811
2020,330,VCT,Victoria Regional,Victoria,TX,371.72,450.54,783
2020,331,OTH,Southwest Oregon Regional,North Bend/Coos Bay,OR,378.96,459.32,780
2020,332,EKO,Elko Regional,Elko,NV,525.89,637.4,773
2020,333,SLN,Salina Regional,Salina,KS,395.65,479.54,764
2020,334,SMX,Santa Maria Public/Capt. G. Allan Hancock Field,Santa Maria,CA,101.52,123.04,739
2020,335,HYS,Hays Regional,Hays,KS,449.79,545.17,735
2020,336,CDC,Cedar City Regional,Cedar City,UT,361.09,437.66,732
2020,337,APN,Alpena County Regional,Alpena,MI,422.95,512.63,707
2020,338,JLN,Joplin Regional,Joplin,MO,370.33,448.86,681
2020,339,HIB,Range Regional,Hibbing,MN,459.77,557.26,660
2020,340,BFF,Western Neb. Regional/William B. Heilig Field,Scottsbluff,NE,441.82,535.5,635
2020,341,WRG,Wrangell Airport,Wrangell,AK,411.81,499.13,631
2020,342,EAR,Kearney Regional,Kearney,NE,451.27,546.96,618
2020,343,DEC,Decatur Airport,Decatur,IL,336.11,407.38,596
2020,344,INL,Falls International Einarson Field,International Falls,MN,427.13,517.7,580
2020,345,PRC,Prescott Regional Ernest A Love Field,Prescott,AZ,430.1,521.3,525
2020,346,PIR,Pierre Regional,Pierre,SD,454.55,550.93,507
2020,347,ALO,Waterloo Regional,Waterloo,IA,382.84,464.02,493
2020,348,PIB,Hattiesburg-Laurel Regional,Hattiesburg/Laurel,MS,369.89,448.32,484
2020,349,JMS,Jamestown Regional,Jamestown,ND,475.61,576.46,407
2020,350,DVL,Devils Lake Regional,Devils Lake,ND,442.92,536.83,390
2020,351,DBQ,Dubuque Regional,Dubuque,IA,407.34,493.71,388
2020,352,LBL,Liberal Mid-America Regional,Liberal,KS,405.55,491.54,386
2020,353,DDC,Dodge City Regional,Dodge City,KS,424.27,514.23,384
2020,354,PAH,Barkley Regional,Paducah,KY,478.44,579.89,376
2020,355,BFM,Mobile International,Mobile,AL,131.77,159.71,371
2020,356,YAK,Yakutat Airport,Yakutat,AK,474.24,574.79,370
2020,357,SHD,Shenandoah Valley Regional,Staunton,VA,432.22,523.87,349
2020,358,LNS,Lancaster Airport,Lancaster,PA,407.78,494.24,320
2020,359,VEL,Vernal Regional,Vernal,UT,444.95,539.3,303
2020,360,ALS,San Luis Valley Regional/Bergman Field,Alamosa,CO,376.29,456.08,295
2020,361,ATY,Watertown Regional,Watertown,SD,417.01,505.43,281
2020,362,WYS,Yellowstone,West Yellowstone,MT,305.2,369.91,259
2020,363,CVN,Clovis Regional,Clovis,NM,464.72,563.26,247
2020,364,CNY,Canyonlands Regional,Moab,UT,346.6,420.09,241
2020,365,LWB,Greenbrier Valley,Lewisburg,WV,368.78,446.97,236
2020,366,LEB,Lebanon Municipal,Lebanon-Hanover,NH,377.47,457.51,231
2020,367,MWA,Veterans Airport of Southern Illinois,Marion/Herrin,IL,378.83,459.15,227
2020,368,BKW,Raleigh County Memorial,Beckley,WV,366.89,444.69,206
2020,369,OGS,Ogdensburg International,Ogdensburg,NY,269.22,326.3,204
2020,370,MGW,Morgantown Municipal Walter L Bill Hart Field,Morgantown,WV,337.5,409.06,201
2020,371,BHB,Hancock County-Bar Harbor,Bar Harbor,ME,320.84,388.87,193
2020,372,TBN,Waynesville-St. Robert Regional Forney Field,Fort Leonard Wood,MO,323.12,391.64,177
2020,373,PKB,Mid-Ohio Valley Regional,Parkersburg,WV,390.88,473.76,174
2020,374,GST,Gustavus Airport,Gustavus,AK,204.25,247.56,162
2020,374,TEX,Telluride Regional,Telluride,CO,605.81,734.27,162
2020,376,AUG,Augusta State,Augusta/Waterville,ME,415.34,503.41,161
2020,377,CGI,Cape Girardeau Regional,Cape Girardeau,MO,454.92,551.38,155
2020,378,RKD,Knox County Regional,Rockland,ME,393.17,476.53,152
2020,379,IWD,Gogebic-Iron County,Ironwood,MI,284.58,344.93,148
2020,380,MBL,Manistee County-Blacker,Manistee/Ludington,MI,577,699.35,145
2020,381,PGA,Page Municipal,Page,AZ,478.07,579.44,143
2020,382,IPL,Imperial County,El Centro,CA,283.71,343.87,141
2020,383,DUJ,DuBois Regional,DuBois,PA,443.41,537.43,140
2020,384,AOO,Altoona-Blair County,Altoona,PA,343.91,416.83,134
2020,385,IRK,Kirksville Regional,Kirksville,MO,437.81,530.65,133
2020,386,OWB,Owensboro Daviess County Regional,Owensboro,KY,123.82,150.07,129
2020,387,TUP,Tupelo Regional,Tupelo,MS,379.48,459.95,126
2020,388,RUT,Rutland - Southern Vermont Regional,Rutland,VT,361.11,437.68,124
2020,389,MKG,Muskegon County,Muskegon,MI,383.36,464.65,107
2020,390,BKG,Branson Airport,Branson,MO,94.3,114.3,105
2020,390,UIN,Quincy Regional-Baldwin Field,Quincy,IL,326.51,395.74,105
2020,392,CEZ,Cortez Municipal,Cortez,CO,383.55,464.87,98
2020,393,TVF,Thief River Falls Regional,Thief River Falls,MN,381.93,462.92,96
2020,394,PVC,Provincetown Municipal,Provincetown,MA,432.71,524.47,94
2020,395,AIA,Alliance Municipal,Alliance,NE,433.27,525.14,92
2020,396,MSL,Northwest Alabama Regional,Muscle Shoals,AL,324.86,393.75,91
2020,397,PUB,Pueblo Memorial,Pueblo,CO,383.92,465.32,86
2020,397,SLK,Adirondack Regional,Saranac Lake/Lake Placid,NY,404.86,490.7,86
2020,399,MCK,McCook Ben Nelson Regional,McCook,NE,394.98,478.73,67
2020,399,SDY,Sidney Richland Regional,Sidney,MT,420.47,509.63,67
2020,401,HOM,Homer Airport,Homer,AK,593.77,719.68,66
2020,402,DUT,Unalaska Airport,Unalaska,AK,1074.33,1302.13,64
2020,403,BFD,Bradford Regional,Bradford,PA,469.84,569.46,62
2020,403,SOW,Show Low Regional,Show Low,AZ,420.46,509.62,62
2020,405,GLH,Greenville Mid Delta,Greenville,MS,290.43,352.01,61
2020,406,VQS,Antonio Rivera Rodriguez,Vieques,PR,657.48,796.89,59
2020,407,ADK,Adak,Adak Island,AK,975.82,1182.73,57
2020,407,MAZ,Eugenio Maria de Hostos,Mayaguez,PR,341.19,413.54,57
2020,409,MSS,Massena International-Richards Field,Massena,NY,296.13,358.92,52
2020,410,MKK,Molokai,Hoolehua,HI,220.55,267.31,39
2020,410,HOT,Memorial Field,Hot Springs,AR,400.25,485.12,39
2020,410,IPT,Williamsport Regional,Williamsport,PA,341.27,413.63,39
2020,413,HRO,Boone County,Harrison,AR,304.5,369.07,30
2020,414,CDR,Chadron Municipal,Chadron,NE,311.02,376.97,29
2020,414,GDV,Dawson Community,Glendive,MT,310.33,376.14,29
2020,416,ELD,South Arkansas Regional at Goodwin Field,El Dorado,AR,384.67,466.23,24
2020,417,OLF,L. M. Clayton,Wolf Point,MT,489,592.69,19
2020,418,PDT,Eastern Oregon Regional at Pendleton,Pendleton,OR,417.67,506.23,17
2020,419,LNY,Lanai Airport,Lanai,HI,239.45,290.23,16
2020,420,CPX,Benjamin Rivera Noriega,Culebra,PR,341.18,413.52,15
2020,421,HVR,Havre City-County,Havre,MT,503.5,610.26,14
2020,422,GGW,Wokal Field Glasgow Valley County,Glasgow,MT,299,362.4,12
2020,422,VDZ,Valdez Pioneer Field,Valdez,AK,650.29,788.17,12
2020,424,JHM,Kapalua Airport,Kapalua,HI,285.98,346.62,6
2020,425,CDB,Cold Bay Airport,Cold Bay,AK,746.8,905.14,5
2020,426,MCN,Middle Georgia Regional,Macon,GA,568.67,689.25,2
2020,427,SDP,Sand Point,Sandpoint,AK,729,883.58,1
2020,428,MKT,Mankato Regional,Mankato,MN,246.08,298.26, -   
2020,428,MCE,Merced Yosemite Regional,Merced,CA,349.67,423.81, -   
2020,428,DRT,Del Rio International,Del Rio,TX,355.73,431.16, -   
2020,428,MMH,Mammoth Lakes Airport,Mammoth Lakes,CA,288.63,349.83, -   
2020,428,CEC,Jack McNamara Field,Crescent City,CA,375.5,455.12, -   
2020,428,CNM,Cavern City Air Terminal,Carlsbad,NM,447.81,542.76, -   
2020,428,ENA,Kenai Municipal,Kenai,AK,588.99,713.88, -   
2020,428,OOK,Toksook Bay,Toksook,AK,561,679.95, -   
2022,1,LAX,Los Angeles International,Los Angeles,CA,416.64,446.59,"12,84,083"
2022,2,ORD,Chicago O'Hare International,Chicago-O'Hare,IL,373.01,399.82,"10,89,038"
2022,3,DEN,Denver International,Denver,CO,341.22,365.74,"10,23,630"
2022,4,ATL,Hartsfield-Jackson Atlanta International,Atlanta,GA,393.8,422.11,"10,12,618"
2022,5,BOS,Logan International,Boston,MA,386.07,413.81,"9,86,868"
2022,6,EWR,Newark Liberty International,Newark,NJ,403.22,432.2,"9,40,299"
2022,7,DFW,Dallas/Fort Worth International,Dallas-DFW,TX,420.36,450.57,"8,94,683"
2022,8,SEA,Seattle/Tacoma International,Seattle,WA,409.84,439.29,"8,80,202"
2022,9,MCO,Orlando International,Orlando,FL,273.35,293,"8,45,562"
2022,10,SFO,San Francisco International,San Francisco,CA,456.86,489.7,"8,44,286"
2022,11,PHX,Phoenix Sky Harbor International,Phoenix,AZ,372.62,399.4,"8,25,399"
2022,12,LGA,LaGuardia,New York-La Guardia,NY,318.49,341.38,"7,95,129"
2022,13,JFK,John F. Kennedy International,New York-JFK,NY,416.17,446.08,"7,50,626"
2022,14,LAS,Harry Reid International,Las Vegas,NV,264.24,283.23,"6,75,568"
2022,15,MSP,Minneapolis-St Paul International,Minneapolis,MN,408.51,437.87,"6,57,943"
2022,16,IAH,George Bush Intercontinental/Houston,Houston-Intercontinental,TX,400.73,429.53,"6,27,878"
2022,17,PHL,Philadelphia International,Philadelphia,PA,396.79,425.31,"6,18,958"
2022,18,SAN,San Diego International,San Diego,CA,378.16,405.34,"5,96,023"
2022,19,FLL,Fort Lauderdale-Hollywood International,Fort Lauderdale,FL,271.78,291.31,"5,85,196"
2022,20,DTW,Detroit Metro Wayne County,Detroit,MI,425.35,455.92,"5,72,843"
2022,21,DCA,Ronald Reagan Washington National,Washington-Reagan National,DC,379.01,406.26,"5,47,638"
2022,22,TPA,Tampa International,Tampa,FL,328.84,352.48,"5,34,514"
2022,23,BWI,Baltimore/Washington International Thurgood Marshall,Baltimore,MD,351.26,376.51,"4,89,183"
2022,24,MIA,Miami International,Miami,FL,322.89,346.09,"4,78,084"
2022,25,AUS,Austin - Bergstrom International,Austin,TX,362.92,389,"4,72,888"
2022,26,CLT,Charlotte Douglas International,Charlotte,NC,444.42,476.37,"4,46,301"
2022,27,PDX,Portland International,Portland,OR,425.35,455.92,"4,41,785"
2022,28,BNA,Nashville International,Nashville,TN,346.47,371.37,"4,41,195"
2022,29,SLC,Salt Lake City International,Salt Lake City,UT,420.3,450.51,"4,34,499"
2022,30,RDU,Raleigh-Durham International,Raleigh/Durham,NC,381.63,409.06,"4,03,082"
2022,31,SMF,Sacramento International,Sacramento,CA,367.64,394.07,"3,67,629"
2022,32,HNL,Daniel K Inouye International,Honolulu,HI,348.33,373.37,"3,55,128"
2022,33,MDW,Chicago Midway International,Chicago-Midway,IL,303.05,324.84,"3,49,329"
2022,34,STL,St Louis Lambert International,St. Louis,MO,373.76,400.63,"3,17,689"
2022,35,IAD,Washington Dulles International,Washington-Dulles,DC,494.78,530.35,"3,16,263"
2022,36,SJC,Norman Y. Mineta San Jose International,San Jose,CA,325.94,349.36,"3,05,263"
2022,37,MCI,Kansas City International,Kansas City,MO,394.88,423.26,"2,97,424"
2022,38,DAL,Dallas Love Field,Dallas-Love Field,TX,329.47,353.15,"2,89,935"
2022,39,IND,Indianapolis International,Indianapolis,IN,391.94,420.11,"2,89,135"
2022,40,CLE,Cleveland-Hopkins International,Cleveland,OH,343.09,367.75,"2,75,340"
2022,41,PIT,Pittsburgh International,Pittsburgh,PA,382.66,410.17,"2,73,272"
2022,42,OAK,Metro Oakland International,Oakland,CA,288.23,308.94,"2,68,902"
2022,43,MSY,Louis Armstrong New Orleans International,New Orleans,LA,320.25,343.27,"2,68,725"
2022,44,SJU,Luis Munoz Marin International,San Juan,PR,299.03,320.52,"2,62,979"
2022,45,SAT,San Antonio International,San Antonio,TX,390.39,418.45,"2,61,417"
2022,46,CVG,Cincinnati/Northern Kentucky International,Cincinnati,OH,368.71,395.21,"2,54,552"
2022,47,SNA,John Wayne Airport-Orange County,Santa Ana,CA,382.37,409.85,"2,54,126"
2022,48,CMH,John Glenn Columbus International,Columbus,OH,391.7,419.86,"2,44,751"
2022,49,HOU,William P Hobby,Houston-Hobby,TX,328.64,352.26,"2,29,047"
2022,50,RSW,Southwest Florida International,Fort Myers,FL,337.43,361.68,"2,15,751"
2022,51,BDL,Bradley International,Hartford,CT,371.32,398.01,"2,10,677"
2022,52,PBI,Palm Beach International,West Palm Beach/Palm Beach,FL,363.54,389.66,"2,07,211"
2022,53,ONT,Ontario International,Ontario,CA,364.1,390.27,"1,98,746"
2022,54,JAX,Jacksonville International,Jacksonville,FL,386.95,414.76,"1,90,561"
2022,55,BUR,Bob Hope,Burbank,CA,278.32,298.33,"1,83,243"
2022,56,MKE,General Mitchell International,Milwaukee,WI,391.14,419.26,"1,79,994"
2022,57,BUF,Buffalo Niagara International,Buffalo,NY,339.3,363.69,"1,46,872"
2022,58,RIC,Richmond International,Richmond,VA,401.11,429.94,"1,45,166"
2022,59,CHS,Charleston AFB/International,Charleston,SC,352.45,377.79,"1,44,183"
2022,60,OMA,Eppley Airfield,Omaha,NE,413.97,443.73,"1,43,403"
2022,61,BOI,Boise Air Terminal,Boise,ID,388,415.88,"1,35,151"
2022,62,ORF,Norfolk International,Norfolk,VA,416.81,446.77,"1,35,070"
2022,63,MEM,Memphis International,Memphis,TN,393.48,421.77,"1,33,439"
2022,64,ABQ,Albuquerque International Sunport,Albuquerque,NM,405.15,434.27,"1,33,295"
2022,65,PVD,Rhode Island Tf Green International,Providence,RI,355.8,381.37,"1,23,931"
2022,66,GRR,Gerald R. Ford International,Grand Rapids,MI,404.17,433.22,"1,22,792"
2022,67,SDF,Louisville Muhammad Ali International,Louisville,KY,390.42,418.48,"1,22,639"
2022,68,OKC,Will Rogers World,Oklahoma City,OK,423.91,454.38,"1,21,164"
2022,69,ELP,El Paso International,El Paso,TX,382.47,409.96,"1,20,309"
2022,70,ANC,Ted Stevens Anchorage International,Anchorage,AK,508.24,544.77,"1,13,291"
2022,71,GEG,Spokane International,Spokane,WA,415.4,445.26,"1,12,587"
2022,72,OGG,Kahului Airport,Kahului,HI,269.43,288.79,"1,12,368"
2022,73,RNO,Reno/Tahoe International,Reno,NV,382.17,409.64,"1,09,805"
2022,74,LGB,Long Beach Airport,Long Beach,CA,277.08,296.99,"1,02,848"
2022,75,TUS,Tucson International,Tucson,AZ,433.83,465.01,"1,02,184"
2022,76,SYR,Syracuse Hancock International,Syracuse,NY,385.56,413.27,"94,536"
2022,77,DSM,Des Moines International,Des Moines,IA,377.66,404.8,"91,115"
2022,78,ALB,Albany International,Albany,NY,415.46,445.32,"88,845"
2022,79,TUL,Tulsa International,Tulsa,OK,409.97,439.43,"88,037"
2022,80,BHM,Birmingham-Shuttlesworth International,Birmingham,AL,476.69,510.95,"87,795"
2022,81,SRQ,Sarasota/Bradenton International,Sarasota/Bradenton,FL,323.61,346.87,"86,365"
2022,82,HPN,Westchester County,White Plains,NY,381.76,409.19,"85,416"
2022,83,SAV,Savannah/Hilton Head International,Savannah,GA,378.67,405.88,"85,268"
2022,84,ROC,Frederick Douglass Grtr Rochester International,Rochester,NY,378.49,405.7,"81,114"
2022,85,TYS,McGhee Tyson,Knoxville,TN,448.99,481.26,"80,983"
2022,86,KOA,Ellison Onizuka Kona International at Keahole,Kona,HI,267.18,286.39,"75,880"
2022,87,GSP,Greenville-Spartanburg International,Greer,SC,478.07,512.43,"74,606"
2022,88,PNS,Pensacola International,Pensacola,FL,436.09,467.43,"72,946"
2022,89,COS,City of Colorado Springs Municipal,Colorado Springs,CO,375.83,402.84,"67,750"
2022,90,MYR,Myrtle Beach International,Myrtle Beach,SC,261.04,279.8,"67,308"
2022,91,MSN,Dane County Regional-Truax Field,Madison,WI,512.12,548.93,"67,201"
2022,92,LIH,Lihue Airport,Lihue,HI,242.27,259.68,"66,233"
2022,93,FAT,Fresno Yosemite International,Fresno,CA,435.82,467.14,"65,689"
2022,94,PWM,Portland International Jetport,Portland,ME,413.03,442.72,"65,280"
2022,95,LIT,Bill and Hillary Clinton Nat Adams Field,Little Rock,AR,436.09,467.44,"63,818"
2022,96,XNA,Northwest Arkansas National,Fayetteville,AR,483.73,518.5,"60,392"
2022,97,BZN,Bozeman Yellowstone International,Bozeman,MT,427.6,458.33,"56,214"
2022,98,AVL,Asheville Regional,Asheville,NC,324.94,348.3,"52,773"
2022,99,PSP,Palm Springs International,Palm Springs,CA,393.17,421.43,"52,513"
2022,100,GSO,Piedmont Triad International,Greensboro/High Point,NC,466.49,500.01,"52,146"
2022,101,ICT,Wichita Dwight D Eisenhower National,Wichita,KS,421.48,451.77,"50,450"
2022,102,PIE,St Pete Clearwater International,St. Petersburg,FL,146.34,156.85,"48,668"
2022,103,SFB,Orlando Sanford International,Sanford,FL,147.58,158.19,"48,131"
2022,104,EUG,Mahlon Sweet Field,Eugene,OR,393.78,422.08,"48,046"
2022,105,CID,The Eastern Iowa,Cedar Rapids/Iowa City,IA,414.41,444.2,"46,040"
2022,106,HVN,Tweed New Haven,New Haven,CT,184.65,197.92,"45,855"
2022,107,HSV,Huntsville International-Carl T Jones Field,Huntsville,AL,583,624.91,"44,464"
2022,108,MDT,Harrisburg International,Harrisburg,PA,449.95,482.29,"42,667"
2022,109,ISP,Long Island MacArthur,Islip,NY,236.35,253.33,"42,627"
2022,110,LEX,Blue Grass,Lexington,KY,485.57,520.47,"42,439"
2022,111,MAF,Midland International Air and Space Port,Midland/Odessa,TX,425.97,456.59,"41,759"
2022,112,FSD,Joe Foss Field,Sioux Falls,SD,412.97,442.66,"40,697"
2022,113,AZA,Phoenix - Mesa Gateway,Phoenix,AZ,171.06,183.36,"40,330"
2022,114,MFE,McAllen International,Mission/McAllen/Edinburg,TX,478.83,513.25,"39,274"
2022,115,VPS,Eglin AFB Destin Fort Walton Beach,Valparaiso,FL,373.82,400.69,"38,296"
2022,116,ILM,Wilmington International,Wilmington,NC,501.53,537.58,"38,008"
2022,117,ITO,Hilo International,Hilo,HI,193.54,207.45,"37,948"
2022,118,SGF,Springfield-Branson National,Springfield,MO,481.07,515.65,"37,755"
2022,119,PGD,Punta Gorda Airport,Punta Gorda,FL,152.44,163.39,"37,063"
2022,120,MHT,Manchester Boston Regional,Manchester,NH,358.1,383.84,"37,031"
2022,121,BTV,Burlington International,Burlington,VT,462.54,495.78,"36,575"
2022,122,SBA,Santa Barbara Municipal,Santa Barbara,CA,438.82,470.36,"36,080"
2022,123,JAN,Jackson Medgar Wiley Evers International,Jackson/Vicksburg,MS,445.5,477.52,"35,868"
2022,124,ATW,Appleton International,Appleton,WI,407.62,436.92,"35,369"
2022,125,CAE,Columbia Metropolitan,Columbia,SC,516.22,553.32,"35,315"
2022,126,DAY,James M Cox/Dayton International,Dayton,OH,482.24,516.9,"35,189"
2022,127,ECP,Northwest Florida Beaches International,Panama City,FL,426.77,457.45,"33,188"
2022,128,RDM,Roberts Field,Bend/Redmond,OR,481.31,515.9,"33,127"
2022,129,FAR,Hector International,Fargo,ND,480.78,515.33,"32,694"
2022,130,CHA,Lovell Field,Chattanooga,TN,522.17,559.71,"31,471"
2022,131,LBB,Lubbock Preston Smith International,Lubbock,TX,425.59,456.18,"30,395"
2022,132,ABE,Lehigh Valley International,Allentown/Bethlehem/Easton,PA,304.51,326.4,"29,795"
2022,133,HRL,Valley International,Harlingen/San Benito,TX,372.14,398.89,"29,191"
2022,134,ACY,Atlantic City International,Atlantic City,NJ,161.05,172.62,"28,530"
2022,135,MFR,Rogue Valley International - Medford,Medford,OR,417.21,447.19,"28,387"
2022,136,SBN,South Bend International,South Bend,IN,417.68,447.7,"27,926"
2022,137,PSC,Tri Cities,Pasco/Kennewick/Richland,WA,500.44,536.4,"27,906"
2022,138,FAI,Fairbanks International,Fairbanks,AK,495.46,531.07,"27,618"
2022,139,PVU,Provo Municipal,Provo,UT,126.81,135.92,"27,400"
2022,140,FWA,Fort Wayne International,Fort Wayne,IN,423.05,453.46,"26,685"
2022,141,TLH,Tallahassee International,Tallahassee,FL,560.51,600.8,"25,686"
2022,142,MSO,Missoula Montana,Missoula,MT,507.57,544.06,"25,558"
2022,143,CAK,Akron-Canton Regional,Akron,OH,299.27,320.78,"25,340"
2022,144,BIL,Billings Logan International,Billings,MT,519.64,556.99,"25,278"
2022,145,STT,Cyril E King,Charlotte Amalie,VI,413.03,442.72,"23,386"
2022,146,BTR,Baton Rouge Metropolitan/Ryan Field,Baton Rouge,LA,505.71,542.06,"22,788"
2022,147,PIA,General Downing - Peoria International,Peoria,IL,342.31,366.91,"22,607"
2022,148,STS,Charles M. Schulz - Sonoma County,Santa Rosa,CA,328.16,351.74,"21,711"
2022,149,AMA,Rick Husband Amarillo International,Amarillo,TX,408.73,438.11,"21,618"
2022,150,FCA,Glacier Park International,Kalispell,MT,517.67,554.87,"21,498"
2022,151,ROA,Roanoke Blacksburg Regional,Roanoke,VA,531.92,570.15,"21,008"
2022,152,BQN,Rafael Hernandez,Aguadilla,PR,234.38,251.22,"20,736"
2022,153,CHO,Charlottesville Albemarle,Charlottesville,VA,492.49,527.88,"20,466"
2022,154,MLI,Quad Cities International,Moline,IL,432.02,463.07,"20,094"
2022,155,RAP,Rapid City Regional,Rapid City,SD,503.96,540.18,"20,028"
2022,156,SBP,San Luis County Regional,San Luis Obispo,CA,578.05,619.59,"19,797"
2022,157,FNT,Bishop International,Flint,MI,257.29,275.78,"19,789"
2022,158,CRP,Corpus Christi International,Corpus Christi,TX,477.02,511.31,"19,530"
2022,159,PAE,Snohomish County,Everett,WA,360.81,386.74,"19,523"
2022,160,SHV,Shreveport Regional,Shreveport,LA,538.14,576.82,"19,446"
2022,161,TVC,Cherry Capital,Traverse City,MI,549.18,588.66,"19,320"
2022,162,BGR,Bangor International,Bangor,ME,433.48,464.63,"19,034"
2022,163,GRB,Green Bay Austin Straubel International,Green Bay,WI,523.97,561.63,"18,187"
2022,164,BIS,Bismarck Municipal,Bismarck/Mandan,ND,479.54,514,"17,904"
2022,165,BLI,Bellingham International,Bellingham,WA,283.31,303.67,"17,664"
2022,166,AGS,Augusta Regional at Bush Field,Augusta,GA,539.66,578.45,"17,458"
2022,167,IDA,Idaho Falls Regional,Idaho Falls,ID,474.17,508.25,"17,151"
2022,168,DAB,Daytona Beach International,Daytona Beach,FL,490.4,525.64,"16,860"
2022,169,JAC,Jackson Hole,Jackson,WY,567.15,607.91,"16,840"
2022,170,TTN,Trenton Mercer,Trenton,NJ,143.6,153.92,"16,828"
2022,171,GNV,Gainesville Regional,Gainesville,FL,500.87,536.87,"16,639"
2022,172,EYW,Key West International,Key West,FL,426.39,457.04,"16,616"
2022,173,GPT,Gulfport-Biloxi International,Gulfport/Biloxi,MS,504.45,540.71,"16,550"
2022,174,MOB,Mobile Regional,Mobile,AL,554,593.82,"15,611"
2022,175,LFT,Lafayette Regional Paul Fournet Field,Lafayette,LA,577.28,618.77,"14,541"
2022,176,MRY,Monterey Regional,Monterey,CA,479.19,513.63,"14,130"
2022,177,AVP,Wilkes Barre Scranton International,Scranton/Wilkes-Barre,PA,482.75,517.45,"14,115"
2022,178,JNU,Juneau International,Juneau,AK,452.3,484.81,"14,056"
2022,179,GJT,Grand Junction Regional,Grand Junction,CO,532.17,570.42,"13,880"
2022,180,TRI,Tri Cities,Bristol/Johnson City/Kingsport,TN,596.02,638.86,"12,639"
2022,181,MLB,Melbourne Orlando International,Melbourne,FL,480.24,514.76,"12,470"
2022,182,BRO,Brownsville South Padre Island International,Brownsville,TX,520.86,558.3,"12,172"
2022,183,BFL,Meadows Field,Bakersfield,CA,594.22,636.92,"11,994"
2022,184,DRO,Durango La Plata County,Durango,CO,623.95,668.79,"11,912"
2022,185,CRW,West Virginia International Yeager,Charleston/Dunbar,WV,534.53,572.95,"11,747"
2022,186,ASE,Aspen Pitkin County Sardy Field,Aspen,CO,675.93,724.51,"11,153"
2022,187,BLV,Scott AFB MidAmerica St Louis,Belleville,IL,151.76,162.66,"11,114"
2022,188,GTF,Great Falls International,Great Falls,MT,509.24,545.84,"10,663"
2022,189,EVV,Evansville Regional,Evansville,IN,535.05,573.5,"10,601"
2022,190,FAY,Fayetteville Regional/Grannis Field,Fayetteville,NC,509.8,546.44,"10,527"
2022,191,MOT,Minot International,Minot,ND,487.4,522.43,"10,415"
2022,192,LCK,Rickenbacker International,Columbus,OH,153.64,164.69,"10,393"
2022,193,MGM,Montgomery Regional,Montgomery,AL,550.48,590.04,"10,260"
2022,194,MTJ,Montrose Regional,Montrose/Delta,CO,444.58,476.53,"10,218"
2022,195,ILG,New Castle,Wilmington,DE,137.64,147.53,"10,215"
2022,196,LRD,Laredo International,Laredo,TX,426.02,456.64,"9,858"
2022,197,BMI,Central Il Regional Airport at Bloomington,Bloomington/Normal,IL,408.58,437.95,"9,540"
2022,198,ORH,Worcester Regional,Worcester,MA,256.18,274.59,"9,491"
2022,199,RFD,Chicago/Rockford International,Rockford,IL,199.92,214.29,"9,435"
2022,200,STX,Henry E. Rohlsen,Christiansted,VI,419.83,450,"8,986"
2022,201,OAJ,Albert J Ellis,Jacksonville/Camp Lejeune,NC,509.12,545.71,"8,903"
2022,202,PSE,Mercedita,Ponce,PR,231.82,248.49,"8,826"
2022,203,SGU,St George Regional,St. George,UT,530.76,568.91,"7,927"
2022,204,EGE,Eagle County Regional,Eagle,CO,681.59,730.58,"7,923"
2022,205,SAF,Santa Fe Municipal,Santa Fe,NM,565.67,606.33,"7,660"
2022,206,SCE,University Park,State College,PA,605.52,649.04,"7,557"
2022,207,ACV,California Redwood Coast Humboldt County,Arcata/Eureka,CA,455.43,488.16,"7,528"
2022,208,DLH,Duluth International,Duluth,MN,525.35,563.11,"7,375"
2022,209,PBG,Plattsburgh International,Plattsburgh,NY,243.41,260.9,"6,860"
2022,210,LAN,Capital Region International,Lansing,MI,473.95,508.01,"6,720"
2022,211,HDN,Yampa Valley,Hayden,CO,437.75,469.21,"6,709"
2022,212,XWA,Williston Basin International,Williston,ND,606.68,650.29,"6,630"
2022,213,LNK,Lincoln Airport,Lincoln,NE,555.01,594.9,"6,629"
2022,214,USA,Concord Padgett Regional,Concord,NC,133.49,143.08,"6,582"
2022,215,SWF,New York Stewart International,Newburgh/Poughkeepsie,NY,145.82,156.3,"6,432"
2022,216,MBS,MBS International,Saginaw/Bay City/Midland,MI,579.18,620.81,"6,283"
2022,217,HTS,Tri-State/Milton J. Ferguson Field,Ashland,WV,248.87,266.76,"6,189"
2022,218,MLU,Monroe Regional,Monroe,LA,597.01,639.91,"6,137"
2022,219,GRK,Robert Gray AAF,Killeen,TX,489.55,524.74,"5,882"
2022,220,LBE,Arnold Palmer Regional,Latrobe,PA,146.21,156.72,"5,672"
2022,221,AZO,Kalamazoo/Battle Creek International,Kalamazoo,MI,502.88,539.02,"5,637"
2022,222,HLN,Helena Regional,Helena,MT,594.66,637.4,"5,609"
2022,223,ABI,Abilene Regional,Abilene,TX,637.06,682.85,"5,572"
2022,224,ELM,Elmira/Corning Regional,Elmira/Corning,NY,392.45,420.65,"5,534"
2022,225,CPR,Casper/Natrona County International,Casper,WY,629.65,674.91,"5,500"
2022,226,BET,Bethel Airport,Bethel,AK,396.63,425.13,"5,442"
2022,227,ACK,Nantucket Memorial,Nantucket,MA,311.41,333.79,"5,436"
2022,228,LCH,Lake Charles Regional,Lake Charles,LA,566.22,606.91,"5,431"
2022,229,GFK,Grand Forks International,Grand Forks,ND,498.73,534.57,"5,419"
2022,230,KTN,Ketchikan International,Ketchikan,AK,485.7,520.61,"5,377"
2022,231,CWA,Central Wisconsin,Mosinee,WI,634.56,680.17,"5,375"
2022,231,COU,Columbia Regional,Columbia,MO,544.05,583.15,"5,375"
2022,233,RDD,Redding Regional,Redding,CA,383.87,411.46,"5,149"
2022,234,EWN,Coastal Carolina Regional,New Bern/Morehead/Beaufort,NC,579.4,621.04,"5,024"
2022,235,AEX,Alexandria International,Alexandria,LA,567.4,608.18,"5,014"
2022,236,LYH,Lynchburg Regional/Preston Glenn Field,Lynchburg,VA,551.47,591.11,"4,980"
2022,237,MHK,Manhattan Regional,Manhattan/Ft. Riley,KS,531.92,570.15,"4,941"
2022,238,SUN,Friedman Memorial,Sun Valley/Hailey/Ketchum,ID,658.91,706.27,"4,889"
2022,239,CMI,University of Illinois/Willard,Champaign/Urbana,IL,611.48,655.42,"4,867"
2022,240,RST,Rochester International,Rochester,MN,445.87,477.92,"4,832"
2022,241,GUM,Guam International,Guam,TT,1589.24,1703.47,"4,466"
2022,242,TOL,Eugene F Kranz Toledo Express,Toledo,OH,223.2,239.24,"4,355"
2022,243,IAG,Niagara Falls International,Niagara Falls,NY,180.85,193.85,"4,190"
2022,244,YUM,Yuma MCAS/Yuma International,Yuma,AZ,544.35,583.47,"4,071"
2022,245,PHF,Newport News/Williamsburg International,Newport News/Williamsburg,VA,502.05,538.13,"3,955"
2022,246,SCK,Stockton Metro,Stockton,CA,130.49,139.87,"3,948"
2022,247,ITH,Ithaca Tompkins International,Ithaca/Cortland,NY,515.03,552.05,"3,911"
2022,248,GRI,Central Nebraska Regional,Grand Island,NE,339.6,364.01,"3,849"
2022,249,PSM,Portsmouth International at Pease,Portsmouth,NH,202.31,216.86,"3,847"
2022,250,SIT,Sitka Rocky Gutierrez,Sitka,AK,447.82,480.01,"3,745"
2022,251,CLL,Easterwood Field,College Station/Bryan,TX,631.6,676.99,"3,669"
2022,252,PUW,Pullman Moscow Regional,Pullman,WA,416.99,446.96,"3,643"
2022,253,HHH,Hilton Head Airport,Hilton Head,SC,416.28,446.2,"3,578"
2022,254,FLG,Flagstaff Pulliam,Flagstaff,AZ,598.25,641.25,"3,507"
2022,255,ADQ,Kodiak Airport,Kodiak,AK,525.08,562.81,"3,500"
2022,256,SPI,Abraham Lincoln Capital,Springfield,IL,361.89,387.91,"3,455"
2022,257,LWS,Lewiston Nez Perce County,Lewiston,ID,570.55,611.56,"3,448"
2022,258,SBY,Salisbury-Ocean City/Wicomico Regional,Salisbury,MD,624.07,668.93,"3,343"
2022,259,TYR,Tyler Pounds Regional,Tyler,TX,653.07,700.01,"3,286"
2022,260,ACT,Waco Regional,Waco,TX,643.93,690.21,"3,244"
2022,261,MVY,Martha's Vineyard Airport,Martha's Vineyard,MA,340.37,364.83,"3,230"
2022,262,FSM,Fort Smith Regional,Fort Smith,AR,647.4,693.93,"3,187"
2022,263,CSG,Columbus Airport,Columbus,GA,473.65,507.69,"3,020"
2022,264,ERI,Erie International/Tom Ridge Field,Erie,PA,483.51,518.27,"2,916"
2022,265,VLD,Valdosta Regional,Valdosta,GA,681.1,730.05,"2,803"
2022,266,HGR,Hagerstown Regional-Richard A. Henson Field,Hagerstown,MD,144.12,154.48,"2,783"
2022,267,SJT,San Angelo Regional/Mathis Field,San Angelo,TX,643.62,689.88,"2,754"
2022,268,ROW,Roswell Air Center,Roswell,NM,501.32,537.35,"2,702"
2022,269,EAT,Pangborn Memorial,Wenatchee,WA,569.97,610.94,"2,587"
2022,270,PGV,Pitt Greenville,Greenville,NC,501.46,537.51,"2,490"
2022,271,YKM,Yakima Air Terminal/McAllister Field,Yakima,WA,563.51,604.02,"2,476"
2022,272,GTR,Golden Triangle Regional,Columbus,MS,648.73,695.35,"2,412"
2022,273,LAW,Lawton-Fort Sill Regional,Lawton/Fort Sill,OK,517.61,554.81,"2,405"
2022,274,TXK,Texarkana Regional-Webb Field,Texarkana,AR,564.92,605.53,"2,325"
2022,275,MQT,Marquette Sawyer Regional,Marquette,MI,597.15,640.07,"2,316"
2022,276,OME,Nome Airport,Nome,AK,538.9,577.63,"2,311"
2022,277,CKB,North Central West Virginia,Clarksburg/Fairmont,WV,206.12,220.94,"2,195"
2022,278,GGG,East Texas Regional,Longview,TX,611.64,655.6,"2,190"
2022,279,BPT,Jack Brooks Regional,Beaumont/Port Arthur,TX,495.08,530.66,"2,120"
2022,280,OTZ,Ralph Wien Memorial,Kotzebue,AK,512.41,549.24,"2,107"
2022,281,SWO,Stillwater Regional,Stillwater,OK,504.31,540.56,"2,029"
2022,282,ALW,Walla Walla Regional,Walla Walla,WA,485.25,520.13,"1,977"
2022,283,DHN,Dothan Regional,Dothan,AL,758.76,813.29,"1,974"
2022,284,PPG,Pago Pago International,Pago Pago,TT,1139.36,1221.25,"1,942"
2022,285,LSE,La Crosse Regional,La Crosse,WI,535.67,574.17,"1,939"
2022,286,SCC,Deadhorse Airport,Deadhorse,AK,520.02,557.39,"1,933"
2022,287,BRW,Wiley Post/Will Rogers Memorial,Barrow,AK,500.53,536.5,"1,914"
2022,288,SPS,Sheppard AFB/Wichita Falls Municipal,Wichita Falls,TX,539.05,577.8,"1,907"
2022,289,BQK,Brunswick Golden Isles,Brunswick,GA,613.79,657.9,"1,856"
2022,290,TWF,Joslin Field - Magic Valley Regional,Twin Falls,ID,638.92,684.85,"1,848"
2022,291,BGM,Greater Binghamton/Edwin A. Link Field,Binghamton,NY,452.02,484.51,"1,769"
2022,292,CYS,Cheyenne Regional/Jerry Olson Field,Cheyenne,WY,508.33,544.87,"1,741"
2022,293,BJI,Bemidji Regional,Bemidji,MN,622.37,667.11,"1,737"
2022,294,STC,St. Cloud Regional,St. Cloud,MN,221.4,237.32,"1,726"
2022,295,GUC,Gunnison-Crested Butte Regional,Gunnison,CO,608.16,651.87,"1,725"
2022,296,ABY,Southwest Georgia Regional,Albany,GA,629.39,674.62,"1,697"
2022,297,CIU,Chippewa County International,Sault Ste. Marie,MI,616.06,660.34,"1,670"
2022,298,GCC,Northeast Wyoming Regional,Gillette,WY,646.94,693.44,"1,653"
2022,299,COD,Yellowstone Regional,Cody,WY,608.29,652.01,"1,631"
2022,300,GCK,Garden City Regional,Garden City,KS,511.99,548.79,"1,613"
2022,301,FLO,Florence Regional,Florence,SC,399.38,428.09,"1,496"
2022,302,SHR,Sheridan County,Sheridan,WY,665.26,713.07,"1,488"
2022,303,ART,Watertown International,Watertown,NY,442.41,474.2,"1,484"
2022,304,HOB,Lea County Regional,Hobbs,NM,449.57,481.88,"1,481"
2022,305,DIK,Dickinson - Theodore Roosevelt Regional,Dickinson,ND,570.39,611.38,"1,442"
2022,306,RHI,Rhinelander/Oneida County,Rhinelander,WI,670.72,718.93,"1,431"
2022,307,PLN,Pellston Regional Airport of Emmet County,Pellston,MI,698.5,748.71,"1,430"
2022,308,ABR,Aberdeen Regional,Aberdeen,SD,664.12,711.85,"1,417"
2022,309,PIH,Pocatello Regional,Pocatello,ID,618.95,663.44,"1,386"
2022,310,DLG,Dillingham Airport,Dillingham,AK,536.46,575.02,"1,385"
2022,311,SPN,Francisco C. Ada Saipan International,Saipan,TT,623.9,668.74,"1,357"
2022,312,PQI,Presque Isle International,Presque Isle/Houlton,ME,524.86,562.59,"1,349"
2022,313,SBD,San Bernardino International,San Bernardino,CA,98.03,105.08,"1,217"
2022,314,EAU,Chippewa Valley Regional,Eau Claire,WI,430.35,461.28,"1,210"
2022,315,RKS,Southwest Wyoming Regional,Rock Springs,WY,598.63,641.65,"1,198"
2022,316,IMT,Ford,Iron Mountain/Kingsfd,MI,548.34,587.75,"1,197"
2022,317,RIW,Central Wyoming Regional,Riverton/Lander,WY,635.77,681.47,"1,179"
2022,318,OGD,Ogden-Hinckley,Ogden,UT,109.16,117.01,"1,155"
2022,319,CMX,Houghton County Memorial,Hancock/Houghton,MI,573.1,614.29,"1,092"
2022,320,SUX,Sioux Gateway Brig Gen Bud Day Field,Sioux City,IA,477.89,512.24,"1,055"
2022,321,PSG,Petersburg James A Johnson,Petersburg,AK,484.03,518.81,"1,000"
2022,322,BRD,Brainerd Lakes Regional,Brainerd,MN,641.4,687.49,964
2022,323,LAR,Laramie Regional,Laramie,WY,536.55,575.11,961
2022,324,AKN,King Salmon Airport,King Salmon,AK,538.68,577.4,959
2022,325,ESC,Delta County,Escanaba,MI,551.97,591.64,951
2022,326,HYA,Cape Cod Gateway,Hyannis,MA,255.81,274.19,950
2022,327,LBF,North Platte Regional Airport Lee Bird Field,North Platte,NE,499.02,534.88,919
2022,328,BTM,Bert Mooney,Butte,MT,596.88,639.78,907
2022,329,MEI,Key Field,Meridian,MS,489,524.15,844
2022,330,JST,John Murtha Johnstown-Cambria County,Johnstown,PA,519.48,556.82,813
2022,331,CDV,Merle K Mudhole Smith,Cordova,AK,462.93,496.2,811
2022,332,VCT,Victoria Regional,Victoria,TX,472.91,506.9,783
2022,333,OTH,Southwest Oregon Regional,North Bend/Coos Bay,OR,480.8,515.36,780
2022,334,EKO,Elko Regional,Elko,NV,587.36,629.57,773
2022,335,SLN,Salina Regional,Salina,KS,449.24,481.52,764
2022,336,SMX,Santa Maria Public/Capt. G. Allan Hancock Field,Santa Maria,CA,105.67,113.27,739
2022,337,HYS,Hays Regional,Hays,KS,532.86,571.16,735
2022,338,CDC,Cedar City Regional,Cedar City,UT,483.87,518.65,732
2022,339,APN,Alpena County Regional,Alpena,MI,605.57,649.09,707
2022,340,JLN,Joplin Regional,Joplin,MO,536.41,574.96,681
2022,341,HIB,Range Regional,Hibbing,MN,636.54,682.29,660
2022,342,BFF,Western Neb. Regional/William B. Heilig Field,Scottsbluff,NE,559.22,599.42,635
2022,343,WRG,Wrangell Airport,Wrangell,AK,478.63,513.03,631
2022,344,EAR,Kearney Regional,Kearney,NE,537.75,576.4,618
2022,345,DEC,Decatur Airport,Decatur,IL,456.9,489.73,596
2022,346,INL,Falls International Einarson Field,International Falls,MN,586.07,628.2,580
2022,347,PRC,Prescott Regional Ernest A Love Field,Prescott,AZ,641.07,687.14,525
2022,348,PIR,Pierre Regional,Pierre,SD,649.49,696.18,507
2022,349,ALO,Waterloo Regional,Waterloo,IA,502.04,538.13,493
2022,350,PIB,Hattiesburg-Laurel Regional,Hattiesburg/Laurel,MS,492.62,528.03,484
2022,351,JMS,Jamestown Regional,Jamestown,ND,506.08,542.46,407
2022,352,DVL,Devils Lake Regional,Devils Lake,ND,524.23,561.91,390
2022,353,DBQ,Dubuque Regional,Dubuque,IA,593.62,636.29,388
2022,354,LBL,Liberal Mid-America Regional,Liberal,KS,423.84,454.3,386
2022,355,DDC,Dodge City Regional,Dodge City,KS,417.7,447.73,384
2022,356,PAH,Barkley Regional,Paducah,KY,531.42,569.61,376
2022,357,YAK,Yakutat Airport,Yakutat,AK,502.6,538.72,370
2022,358,SHD,Shenandoah Valley Regional,Staunton,VA,523.19,560.79,349
2022,359,LNS,Lancaster Airport,Lancaster,PA,447.79,479.98,320
2022,360,VEL,Vernal Regional,Vernal,UT,501.73,537.8,303
2022,361,FOD,Fort Dodge Regional,Fort Dodge,IA,395.54,423.97,298
2022,362,BIH,Bishop Airport,Bishop,CA,361.65,387.64,296
2022,363,ALS,San Luis Valley Regional/Bergman Field,Alamosa,CO,536.08,574.61,295
2022,364,ATY,Watertown Regional,Watertown,SD,536.28,574.82,281
2022,365,WYS,Yellowstone,West Yellowstone,MT,397.62,426.2,259
2022,366,CVN,Clovis Regional,Clovis,NM,619.43,663.95,247
2022,367,CNY,Canyonlands Regional,Moab,UT,378.72,405.94,241
2022,368,LWB,Greenbrier Valley,Lewisburg,WV,559.19,599.38,236
2022,369,LEB,Lebanon Municipal,Lebanon-Hanover,NH,473.04,507.04,231
2022,370,MWA,Veterans Airport of Southern Illinois,Marion/Herrin,IL,483.57,518.32,227
2022,371,MCW,Mason City Municipal,Mason City,IA,399.21,427.91,219
2022,372,BKW,Raleigh County Memorial,Beckley,WV,582.03,623.86,206
2022,373,OGS,Ogdensburg International,Ogdensburg,NY,497.65,533.41,204
2022,374,MGW,Morgantown Municipal Walter L Bill Hart Field,Morgantown,WV,415.67,445.54,201
2022,375,BHB,Hancock County-Bar Harbor,Bar Harbor,ME,547.89,587.26,193
2022,376,TBN,Waynesville-St. Robert Regional Forney Field,Fort Leonard Wood,MO,416.47,446.41,177
2022,377,PKB,Mid-Ohio Valley Regional,Parkersburg,WV,596.22,639.07,174
2022,378,GST,Gustavus Airport,Gustavus,AK,226.67,242.97,162
2022,378,TEX,Telluride Regional,Telluride,CO,666.29,714.17,162
2022,380,AUG,Augusta State,Augusta/Waterville,ME,470.18,503.98,161
2022,381,CGI,Cape Girardeau Regional,Cape Girardeau,MO,487.15,522.17,155
2022,382,RKD,Knox County Regional,Rockland,ME,540.76,579.63,152
2022,383,IWD,Gogebic-Iron County,Ironwood,MI,532.14,570.38,148
2022,384,MBL,Manistee County-Blacker,Manistee/Ludington,MI,407.04,436.29,145
2022,385,PGA,Page Municipal,Page,AZ,448.6,480.84,143
2022,386,IPL,Imperial County,El Centro,CA,439.73,471.34,141
2022,387,DUJ,DuBois Regional,DuBois,PA,465.08,498.51,140
2022,388,AOO,Altoona-Blair County,Altoona,PA,465.98,499.47,134
2022,389,IRK,Kirksville Regional,Kirksville,MO,438.76,470.29,133
2022,390,OWB,Owensboro Daviess County Regional,Owensboro,KY,163.26,175,129
2022,391,TUP,Tupelo Regional,Tupelo,MS,410.46,439.96,126
2022,392,RUT,Rutland - Southern Vermont Regional,Rutland,VT,457.37,490.24,124
2022,393,MKG,Muskegon County,Muskegon,MI,445.98,478.04,107
2022,394,BKG,Branson Airport,Branson,MO,173.86,186.36,105
2022,394,UIN,Quincy Regional-Baldwin Field,Quincy,IL,428.55,459.35,105
2022,396,CEZ,Cortez Municipal,Cortez,CO,624.91,669.83,98
2022,397,BRL,Southeast Iowa Regional,Burlington,IA,440.37,472.02,96
2022,397,TVF,Thief River Falls Regional,Thief River Falls,MN,555.55,595.48,96
2022,399,PVC,Provincetown Municipal,Provincetown,MA,537.38,576,94
2022,400,AIA,Alliance Municipal,Alliance,NE,514.16,551.11,92
2022,401,MSL,Northwest Alabama Regional,Muscle Shoals,AL,542.97,582,91
2022,402,PUB,Pueblo Memorial,Pueblo,CO,405.25,434.37,86
2022,402,SLK,Adirondack Regional,Saranac Lake/Lake Placid,NY,488.97,524.12,86
2022,404,MCK,McCook Ben Nelson Regional,McCook,NE,510,546.66,67
2022,404,SDY,Sidney Richland Regional,Sidney,MT,545.51,584.72,67
2022,406,HOM,Homer Airport,Homer,AK,787.4,843.99,66
2022,407,DUT,Unalaska Airport,Unalaska,AK,1433.86,1536.92,64
2022,408,BFD,Bradford Regional,Bradford,PA,442.47,474.27,62
2022,408,SOW,Show Low Regional,Show Low,AZ,572.93,614.11,62
2022,410,GLH,Greenville Mid Delta,Greenville,MS,486.5,521.47,61
2022,411,VQS,Antonio Rivera Rodriguez,Vieques,PR,679.77,728.63,59
2022,412,ADK,Adak,Adak Island,AK,856.76,918.34,57
2022,412,MAZ,Eugenio Maria de Hostos,Mayaguez,PR,459.66,492.69,57
2022,414,MSS,Massena International-Richards Field,Massena,NY,472.07,506,52
2022,415,HOT,Memorial Field,Hot Springs,AR,475.56,509.74,39
2022,415,MKK,Molokai,Hoolehua,HI,776.1,831.88,39
2022,417,HRO,Boone County,Harrison,AR,457.88,490.79,30
2022,418,CDR,Chadron Municipal,Chadron,NE,447.35,479.51,29
2022,418,GDV,Dawson Community,Glendive,MT,617.77,662.17,29
2022,420,ELD,South Arkansas Regional at Goodwin Field,El Dorado,AR,565.24,605.86,24
2022,421,JBR,Jonesboro Municipal,Jonesboro,AR,468,501.64,20
2022,422,OLF,L. M. Clayton,Wolf Point,MT,586.13,628.25,19
2022,423,PDT,Eastern Oregon Regional at Pendleton,Pendleton,OR,599.76,642.87,17
2022,423,MKL,McKellar-Sipes Regional,Jackson,TN,436.71,468.1,17
2022,425,LNY,Lanai Airport,Lanai,HI,966.43,1035.89,16
2022,426,CPX,Benjamin Rivera Noriega,Culebra,PR,466.7,500.24,15
2022,427,HVR,Havre City-County,Havre,MT,620.25,664.83,14
2022,428,GGW,Wokal Field Glasgow Valley County,Glasgow,MT,550.09,589.63,12
2022,428,VDZ,Valdez Pioneer Field,Valdez,AK,711.31,762.43,12
2022,430,JHM,Kapalua Airport,Kapalua,HI,766.83,821.95,6
2022,430,SGY,Skagway Airport,Skagway,AK,715.9,767.35,6
2022,432,CDB,Cold Bay Airport,Cold Bay,AK,963.29,1032.52,5
2022,433,KSM,St. Mary's Airport,St. Mary's,AK,986,1056.87,2
2022,433,MCN,Middle Georgia Regional,Macon,GA,545.75,584.97,2
2022,433,SNP,St. Paul Island,St. Paul,AK,993.67,1065.08,2
2022,436,SDP,Sand Point,Sandpoint,AK,1037,1111.53,1
2022,437,HNH,Hoonah Airport,Hoonah,AK,354,379.44, -   
2022,437,FNL,Northern Colorado Regional,Fort Collins/Loveland,CO,136.38,146.18, -   
2022,437,DRT,Del Rio International,Del Rio,TX,432.78,463.89, -   
2022,437,HNM,Hana Airport,Hana,HI,530,568.09, -   
2022,437,MKT,Mankato Regional,Mankato,MN,286,306.56, -   
2022,437,ANI,Aniak Airport,Aniak,AK,1733,1857.56, -   
2022,437,CNM,Cavern City Air Terminal,Carlsbad,NM,458.91,491.89, -   
2022,437,ENA,Kenai Municipal,Kenai,AK,661.52,709.07, -   
2022,437,HNS,Haines Airport,Haines,AK,314,336.57, -   
2023,1,LAX,Los Angeles International,Los Angeles,CA,405.27,417.22,"12,84,083"
2023,2,ORD,Chicago O'Hare International,Chicago-O'Hare,IL,384.19,395.53,"10,89,038"
2023,3,DEN,Denver International,Denver,CO,347.65,357.9,"10,23,630"
2023,4,ATL,Hartsfield-Jackson Atlanta International,Atlanta,GA,396.22,407.91,"10,12,618"
2023,5,BOS,Logan International,Boston,MA,384.63,395.97,"9,86,868"
2023,6,EWR,Newark Liberty International,Newark,NJ,406.29,418.27,"9,40,299"
2023,7,DFW,Dallas/Fort Worth International,Dallas-DFW,TX,421.22,433.65,"8,94,683"
2023,8,SEA,Seattle/Tacoma International,Seattle,WA,391.46,403.01,"8,80,202"
2023,9,MCO,Orlando International,Orlando,FL,265.58,273.41,"8,45,562"
2023,10,SFO,San Francisco International,San Francisco,CA,444.59,457.7,"8,44,286"
2023,11,PHX,Phoenix Sky Harbor International,Phoenix,AZ,373.61,384.63,"8,25,399"
2023,12,LGA,LaGuardia,New York-La Guardia,NY,328.16,337.84,"7,95,129"
2023,13,JFK,John F. Kennedy International,New York-JFK,NY,420.56,432.96,"7,50,626"
2023,14,LAS,Harry Reid International,Las Vegas,NV,272.15,280.18,"6,75,568"
2023,15,MSP,Minneapolis-St Paul International,Minneapolis,MN,418.72,431.07,"6,57,943"
2023,16,IAH,George Bush Intercontinental/Houston,Houston-Intercontinental,TX,409.34,421.41,"6,27,878"
2023,17,PHL,Philadelphia International,Philadelphia,PA,400.83,412.66,"6,18,958"
2023,18,SAN,San Diego International,San Diego,CA,377.25,388.38,"5,96,023"
2023,19,FLL,Fort Lauderdale-Hollywood International,Fort Lauderdale,FL,270.68,278.66,"5,85,196"
2023,20,DTW,Detroit Metro Wayne County,Detroit,MI,427.05,439.65,"5,72,843"
2023,21,DCA,Ronald Reagan Washington National,Washington-Reagan National,DC,384.92,396.27,"5,47,638"
2023,22,TPA,Tampa International,Tampa,FL,328.19,337.87,"5,34,514"
2023,23,BWI,Baltimore/Washington International Thurgood Marshall,Baltimore,MD,358.36,368.93,"4,89,183"
2023,24,MIA,Miami International,Miami,FL,344.69,354.86,"4,78,084"
2023,25,AUS,Austin - Bergstrom International,Austin,TX,370.3,381.22,"4,72,888"
2023,26,CLT,Charlotte Douglas International,Charlotte,NC,436.8,449.69,"4,46,301"
2023,27,PDX,Portland International,Portland,OR,405.35,417.31,"4,41,785"
2023,28,BNA,Nashville International,Nashville,TN,348.82,359.11,"4,41,195"
2023,29,SLC,Salt Lake City International,Salt Lake City,UT,438.34,451.27,"4,34,499"
2023,30,RDU,Raleigh-Durham International,Raleigh/Durham,NC,366.55,377.36,"4,03,082"
2023,31,SMF,Sacramento International,Sacramento,CA,386.3,397.69,"3,67,629"
2023,32,HNL,Daniel K Inouye International,Honolulu,HI,354.1,364.55,"3,55,128"
2023,33,MDW,Chicago Midway International,Chicago-Midway,IL,308.27,317.36,"3,49,329"
2023,34,STL,St Louis Lambert International,St. Louis,MO,393.4,405,"3,17,689"
2023,35,IAD,Washington Dulles International,Washington-Dulles,DC,488.4,502.81,"3,16,263"
2023,36,SJC,Norman Y. Mineta San Jose International,San Jose,CA,332.42,342.22,"3,05,263"
2023,37,MCI,Kansas City International,Kansas City,MO,395.41,407.07,"2,97,424"
2023,38,DAL,Dallas Love Field,Dallas-Love Field,TX,344.22,354.37,"2,89,935"
2023,39,IND,Indianapolis International,Indianapolis,IN,388.15,399.6,"2,89,135"
2023,40,CLE,Cleveland-Hopkins International,Cleveland,OH,346.26,356.47,"2,75,340"
2023,41,PIT,Pittsburgh International,Pittsburgh,PA,377.18,388.3,"2,73,272"
2023,42,OAK,Metro Oakland International,Oakland,CA,303.79,312.75,"2,68,902"
2023,43,MSY,Louis Armstrong New Orleans International,New Orleans,LA,327.7,337.36,"2,68,725"
2023,44,SJU,Luis Munoz Marin International,San Juan,PR,293.19,301.83,"2,62,979"
2023,45,SAT,San Antonio International,San Antonio,TX,382.68,393.97,"2,61,417"
2023,46,CVG,Cincinnati/Northern Kentucky International,Cincinnati,OH,362.58,373.28,"2,54,552"
2023,47,SNA,John Wayne Airport-Orange County,Santa Ana,CA,395.18,406.84,"2,54,126"
2023,48,CMH,John Glenn Columbus International,Columbus,OH,396.08,407.76,"2,44,751"
2023,49,HOU,William P Hobby,Houston-Hobby,TX,341.98,352.06,"2,29,047"
2023,50,RSW,Southwest Florida International,Fort Myers,FL,354.41,364.86,"2,15,751"
2023,51,BDL,Bradley International,Hartford,CT,381.14,392.38,"2,10,677"
2023,52,PBI,Palm Beach International,West Palm Beach/Palm Beach,FL,364.16,374.9,"2,07,211"
2023,53,ONT,Ontario International,Ontario,CA,374.5,385.55,"1,98,746"
2023,54,JAX,Jacksonville International,Jacksonville,FL,391.73,403.29,"1,90,561"
2023,55,BUR,Bob Hope,Burbank,CA,301.33,310.21,"1,83,243"
2023,56,MKE,General Mitchell International,Milwaukee,WI,393.85,405.46,"1,79,994"
2023,57,BUF,Buffalo Niagara International,Buffalo,NY,342.72,352.83,"1,46,872"
2023,58,RIC,Richmond International,Richmond,VA,395.42,407.08,"1,45,166"
2023,59,CHS,Charleston AFB/International,Charleston,SC,343.74,353.88,"1,44,183"
2023,60,OMA,Eppley Airfield,Omaha,NE,421.02,433.44,"1,43,403"
2023,61,BOI,Boise Air Terminal,Boise,ID,400.79,412.61,"1,35,151"
2023,62,ORF,Norfolk International,Norfolk,VA,413.19,425.37,"1,35,070"
2023,63,MEM,Memphis International,Memphis,TN,396.54,408.24,"1,33,439"
2023,64,ABQ,Albuquerque International Sunport,Albuquerque,NM,406.74,418.73,"1,33,295"
2023,65,PVD,Rhode Island Tf Green International,Providence,RI,363.97,374.71,"1,23,931"
2023,66,GRR,Gerald R. Ford International,Grand Rapids,MI,413.12,425.3,"1,22,792"
2023,67,SDF,Louisville Muhammad Ali International,Louisville,KY,367.57,378.41,"1,22,639"
2023,68,OKC,Will Rogers World,Oklahoma City,OK,435.72,448.57,"1,21,164"
2023,69,ELP,El Paso International,El Paso,TX,401.18,413.01,"1,20,309"
2023,70,ANC,Ted Stevens Anchorage International,Anchorage,AK,519.48,534.8,"1,13,291"
2023,71,GEG,Spokane International,Spokane,WA,432.99,445.76,"1,12,587"
2023,72,OGG,Kahului Airport,Kahului,HI,266.13,273.98,"1,12,368"
2023,73,RNO,Reno/Tahoe International,Reno,NV,401.05,412.88,"1,09,805"
2023,74,LGB,Long Beach Airport,Long Beach,CA,310.22,319.37,"1,02,848"
2023,75,TUS,Tucson International,Tucson,AZ,453.8,467.18,"1,02,184"
2023,76,SYR,Syracuse Hancock International,Syracuse,NY,377.74,388.88,"94,536"
2023,77,DSM,Des Moines International,Des Moines,IA,390.67,402.2,"91,115"
2023,78,ALB,Albany International,Albany,NY,436.26,449.12,"88,845"
2023,79,TUL,Tulsa International,Tulsa,OK,432.02,444.76,"88,037"
2023,80,BHM,Birmingham-Shuttlesworth International,Birmingham,AL,488.09,502.49,"87,795"
2023,81,SRQ,Sarasota/Bradenton International,Sarasota/Bradenton,FL,330.22,339.96,"86,365"
2023,82,HPN,Westchester County,White Plains,NY,354.26,364.71,"85,416"
2023,83,SAV,Savannah/Hilton Head International,Savannah,GA,385.46,396.83,"85,268"
2023,84,ROC,Frederick Douglass Grtr Rochester International,Rochester,NY,377.71,388.85,"81,114"
2023,85,TYS,McGhee Tyson,Knoxville,TN,449.07,462.31,"80,983"
2023,86,KOA,Ellison Onizuka Kona International at Keahole,Kona,HI,266.72,274.59,"75,880"
2023,87,GSP,Greenville-Spartanburg International,Greer,SC,464.9,478.62,"74,606"
2023,88,PNS,Pensacola International,Pensacola,FL,421.16,433.58,"72,946"
2023,89,COS,City of Colorado Springs Municipal,Colorado Springs,CO,387.05,398.47,"67,750"
2023,90,MYR,Myrtle Beach International,Myrtle Beach,SC,287.48,295.96,"67,308"
2023,91,MSN,Dane County Regional-Truax Field,Madison,WI,528.09,543.67,"67,201"
2023,92,LIH,Lihue Airport,Lihue,HI,251.54,258.96,"66,233"
2023,93,FAT,Fresno Yosemite International,Fresno,CA,429.4,442.07,"65,689"
2023,94,PWM,Portland International Jetport,Portland,ME,430.33,443.03,"65,280"
2023,95,LIT,Bill and Hillary Clinton Nat Adams Field,Little Rock,AR,451.41,464.72,"63,818"
2023,96,XNA,Northwest Arkansas National,Fayetteville,AR,492.34,506.86,"60,392"
2023,97,BZN,Bozeman Yellowstone International,Bozeman,MT,431.17,443.88,"56,214"
2023,98,AVL,Asheville Regional,Asheville,NC,319.41,328.83,"52,773"
2023,99,PSP,Palm Springs International,Palm Springs,CA,415.67,427.93,"52,513"
2023,100,GSO,Piedmont Triad International,Greensboro/High Point,NC,468.19,482,"52,146"
2023,101,ICT,Wichita Dwight D Eisenhower National,Wichita,KS,437.11,450,"50,450"
2023,102,PIE,St Pete Clearwater International,St. Petersburg,FL,141.48,145.65,"48,668"
2023,103,SFB,Orlando Sanford International,Sanford,FL,135.11,139.09,"48,131"
2023,104,EUG,Mahlon Sweet Field,Eugene,OR,389.15,400.63,"48,046"
2023,105,CID,The Eastern Iowa,Cedar Rapids/Iowa City,IA,426.56,439.14,"46,040"
2023,106,HVN,Tweed New Haven,New Haven,CT,186.65,192.16,"45,855"
2023,107,HSV,Huntsville International-Carl T Jones Field,Huntsville,AL,548.01,564.18,"44,464"
2023,108,MDT,Harrisburg International,Harrisburg,PA,460.05,473.62,"42,667"
2023,109,ISP,Long Island MacArthur,Islip,NY,255.29,262.82,"42,627"
2023,110,LEX,Blue Grass,Lexington,KY,459.63,473.19,"42,439"
2023,111,MAF,Midland International Air and Space Port,Midland/Odessa,TX,454.57,467.98,"41,759"
2023,112,FSD,Joe Foss Field,Sioux Falls,SD,437.57,450.47,"40,697"
2023,113,AZA,Phoenix - Mesa Gateway,Phoenix,AZ,173.77,178.89,"40,330"
2023,114,MFE,McAllen International,Mission/McAllen/Edinburg,TX,467.75,481.55,"39,274"
2023,115,VPS,Eglin AFB Destin Fort Walton Beach,Valparaiso,FL,373.52,384.54,"38,296"
2023,116,ILM,Wilmington International,Wilmington,NC,503.84,518.7,"38,008"
2023,117,ITO,Hilo International,Hilo,HI,190.26,195.87,"37,948"
2023,118,SGF,Springfield-Branson National,Springfield,MO,476.45,490.51,"37,755"
2023,119,PGD,Punta Gorda Airport,Punta Gorda,FL,152.49,156.99,"37,063"
2023,120,MHT,Manchester Boston Regional,Manchester,NH,398.65,410.4,"37,031"
2023,121,BTV,Burlington International,Burlington,VT,461.33,474.93,"36,575"
2023,122,SBA,Santa Barbara Municipal,Santa Barbara,CA,450.09,463.36,"36,080"
2023,123,JAN,Jackson Medgar Wiley Evers International,Jackson/Vicksburg,MS,479.81,493.96,"35,868"
2023,124,ATW,Appleton International,Appleton,WI,417.02,429.32,"35,369"
2023,125,CAE,Columbia Metropolitan,Columbia,SC,510.62,525.68,"35,315"
2023,126,DAY,James M Cox/Dayton International,Dayton,OH,469.13,482.96,"35,189"
2023,127,ECP,Northwest Florida Beaches International,Panama City,FL,434.79,447.61,"33,188"
2023,128,RDM,Roberts Field,Bend/Redmond,OR,468.69,482.52,"33,127"
2023,129,FAR,Hector International,Fargo,ND,491.01,505.49,"32,694"
2023,130,CHA,Lovell Field,Chattanooga,TN,528.31,543.89,"31,471"
2023,131,LBB,Lubbock Preston Smith International,Lubbock,TX,437.5,450.4,"30,395"
2023,132,ABE,Lehigh Valley International,Allentown/Bethlehem/Easton,PA,301.03,309.91,"29,795"
2023,133,HRL,Valley International,Harlingen/San Benito,TX,378.99,390.17,"29,191"
2023,134,ACY,Atlantic City International,Atlantic City,NJ,160.02,164.74,"28,530"
2023,135,MFR,Rogue Valley International - Medford,Medford,OR,451.67,465,"28,387"
2023,136,SBN,South Bend International,South Bend,IN,414.94,427.18,"27,926"
2023,137,PSC,Tri Cities,Pasco/Kennewick/Richland,WA,503.48,518.33,"27,906"
2023,138,FAI,Fairbanks International,Fairbanks,AK,512.9,528.03,"27,618"
2023,139,PVU,Provo Municipal,Provo,UT,126.94,130.68,"27,400"
2023,140,FWA,Fort Wayne International,Fort Wayne,IN,436.41,449.28,"26,685"
2023,141,TLH,Tallahassee International,Tallahassee,FL,605.24,623.09,"25,686"
2023,142,MSO,Missoula Montana,Missoula,MT,515.5,530.71,"25,558"
2023,143,CAK,Akron-Canton Regional,Akron,OH,279.08,287.32,"25,340"
2023,144,BIL,Billings Logan International,Billings,MT,521.15,536.52,"25,278"
2023,145,STT,Cyril E King,Charlotte Amalie,VI,448.71,461.94,"23,386"
2023,146,BTR,Baton Rouge Metropolitan/Ryan Field,Baton Rouge,LA,507.51,522.48,"22,788"
2023,147,PIA,General Downing - Peoria International,Peoria,IL,362.98,373.68,"22,607"
2023,148,STS,Charles M. Schulz - Sonoma County,Santa Rosa,CA,322.75,332.27,"21,711"
2023,149,AMA,Rick Husband Amarillo International,Amarillo,TX,419.55,431.92,"21,618"
2023,150,FCA,Glacier Park International,Kalispell,MT,509.46,524.49,"21,498"
2023,151,ROA,Roanoke Blacksburg Regional,Roanoke,VA,530.16,545.79,"21,008"
2023,152,BQN,Rafael Hernandez,Aguadilla,PR,223.45,230.04,"20,736"
2023,153,CHO,Charlottesville Albemarle,Charlottesville,VA,488.28,502.68,"20,466"
2023,154,MLI,Quad Cities International,Moline,IL,467.08,480.85,"20,094"
2023,155,RAP,Rapid City Regional,Rapid City,SD,530.47,546.11,"20,028"
2023,156,SBP,San Luis County Regional,San Luis Obispo,CA,549.6,565.81,"19,797"
2023,157,FNT,Bishop International,Flint,MI,258.99,266.63,"19,789"
2023,158,CRP,Corpus Christi International,Corpus Christi,TX,495.48,510.09,"19,530"
2023,159,PAE,Snohomish County,Everett,WA,357.52,368.07,"19,523"
2023,160,SHV,Shreveport Regional,Shreveport,LA,553.99,570.33,"19,446"
2023,161,TVC,Cherry Capital,Traverse City,MI,526.12,541.64,"19,320"
2023,162,BGR,Bangor International,Bangor,ME,487.66,502.05,"19,034"
2023,163,GRB,Green Bay Austin Straubel International,Green Bay,WI,557.8,574.26,"18,187"
2023,164,BIS,Bismarck Municipal,Bismarck/Mandan,ND,525.06,540.55,"17,904"
2023,165,BLI,Bellingham International,Bellingham,WA,277.96,286.16,"17,664"
2023,166,AGS,Augusta Regional at Bush Field,Augusta,GA,561.43,577.99,"17,458"
2023,167,IDA,Idaho Falls Regional,Idaho Falls,ID,492.8,507.33,"17,151"
2023,168,DAB,Daytona Beach International,Daytona Beach,FL,460.25,473.82,"16,860"
2023,169,JAC,Jackson Hole,Jackson,WY,586.78,604.09,"16,840"
2023,170,TTN,Trenton Mercer,Trenton,NJ,146.56,150.89,"16,828"
2023,171,GNV,Gainesville Regional,Gainesville,FL,535.6,551.4,"16,639"
2023,172,EYW,Key West International,Key West,FL,456.1,469.55,"16,616"
2023,173,GPT,Gulfport-Biloxi International,Gulfport/Biloxi,MS,497.49,512.17,"16,550"
2023,174,MOB,Mobile Regional,Mobile,AL,557,573.43,"15,611"
2023,175,LFT,Lafayette Regional Paul Fournet Field,Lafayette,LA,638.65,657.49,"14,541"
2023,176,MRY,Monterey Regional,Monterey,CA,482.3,496.53,"14,130"
2023,177,AVP,Wilkes Barre Scranton International,Scranton/Wilkes-Barre,PA,562.3,578.88,"14,115"
2023,178,JNU,Juneau International,Juneau,AK,458.73,472.26,"14,056"
2023,179,GJT,Grand Junction Regional,Grand Junction,CO,539.43,555.34,"13,880"
2023,180,TRI,Tri Cities,Bristol/Johnson City/Kingsport,TN,593.31,610.81,"12,639"
2023,181,MLB,Melbourne Orlando International,Melbourne,FL,481.96,496.18,"12,470"
2023,182,BRO,Brownsville South Padre Island International,Brownsville,TX,442.01,455.05,"12,172"
2023,183,BFL,Meadows Field,Bakersfield,CA,572,588.87,"11,994"
2023,184,DRO,Durango La Plata County,Durango,CO,614.87,633.01,"11,912"
2023,185,CRW,West Virginia International Yeager,Charleston/Dunbar,WV,533.45,549.18,"11,747"
2023,186,ASE,Aspen Pitkin County Sardy Field,Aspen,CO,667.09,686.77,"11,153"
2023,187,BLV,Scott AFB MidAmerica St Louis,Belleville,IL,150.67,155.11,"11,114"
2023,188,GTF,Great Falls International,Great Falls,MT,479.83,493.99,"10,663"
2023,189,EVV,Evansville Regional,Evansville,IN,572.31,589.19,"10,601"
2023,190,FAY,Fayetteville Regional/Grannis Field,Fayetteville,NC,501.7,516.49,"10,527"
2023,191,MOT,Minot International,Minot,ND,558.82,575.31,"10,415"
2023,192,LCK,Rickenbacker International,Columbus,OH,153.96,158.51,"10,393"
2023,193,MGM,Montgomery Regional,Montgomery,AL,521.49,536.87,"10,260"
2023,194,MTJ,Montrose Regional,Montrose/Delta,CO,452.29,465.63,"10,218"
2023,195,ILG,New Castle,Wilmington,DE,146.34,150.65,"10,215"
2023,196,LRD,Laredo International,Laredo,TX,436.82,449.7,"9,858"
2023,197,BMI,Central Il Regional Airport at Bloomington,Bloomington/Normal,IL,446.15,459.31,"9,540"
2023,198,ORH,Worcester Regional,Worcester,MA,265.87,273.71,"9,491"
2023,199,RFD,Chicago/Rockford International,Rockford,IL,201.36,207.3,"9,435"
2023,200,STX,Henry E. Rohlsen,Christiansted,VI,402.52,414.39,"8,986"
2023,201,OAJ,Albert J Ellis,Jacksonville/Camp Lejeune,NC,545.39,561.48,"8,903"
2023,202,PSE,Mercedita,Ponce,PR,212.88,219.16,"8,826"
2023,203,SGU,St George Regional,St. George,UT,550.55,566.79,"7,927"
2023,204,EGE,Eagle County Regional,Eagle,CO,722.32,743.62,"7,923"
2023,205,SAF,Santa Fe Municipal,Santa Fe,NM,564.11,580.75,"7,660"
2023,206,SCE,University Park,State College,PA,609.06,627.03,"7,557"
2023,207,ACV,California Redwood Coast Humboldt County,Arcata/Eureka,CA,470.92,484.81,"7,528"
2023,208,DLH,Duluth International,Duluth,MN,552.18,568.46,"7,375"
2023,209,PBG,Plattsburgh International,Plattsburgh,NY,253.31,260.78,"6,860"
2023,210,LAN,Capital Region International,Lansing,MI,410.36,422.46,"6,720"
2023,211,HDN,Yampa Valley,Hayden,CO,453.08,466.45,"6,709"
2023,212,XWA,Williston Basin International,Williston,ND,637.73,656.54,"6,630"
2023,213,LNK,Lincoln Airport,Lincoln,NE,559.28,575.78,"6,629"
2023,214,USA,Concord Padgett Regional,Concord,NC,122.09,125.7,"6,582"
2023,215,SWF,New York Stewart International,Newburgh/Poughkeepsie,NY,171.88,176.95,"6,432"
2023,216,MBS,MBS International,Saginaw/Bay City/Midland,MI,546.76,562.89,"6,283"
2023,217,HTS,Tri-State/Milton J. Ferguson Field,Ashland,WV,253.2,260.67,"6,189"
2023,218,MLU,Monroe Regional,Monroe,LA,615.37,633.52,"6,137"
2023,219,GRK,Robert Gray AAF,Killeen,TX,536,551.81,"5,882"
2023,220,LBE,Arnold Palmer Regional,Latrobe,PA,140.23,144.37,"5,672"
2023,221,AZO,Kalamazoo/Battle Creek International,Kalamazoo,MI,428.03,440.66,"5,637"
2023,222,HLN,Helena Regional,Helena,MT,602.41,620.18,"5,609"
2023,223,ABI,Abilene Regional,Abilene,TX,589.27,606.66,"5,572"
2023,224,ELM,Elmira/Corning Regional,Elmira/Corning,NY,395.02,406.67,"5,534"
2023,225,CPR,Casper/Natrona County International,Casper,WY,627.39,645.89,"5,500"
2023,226,BET,Bethel Airport,Bethel,AK,399.82,411.62,"5,442"
2023,227,ACK,Nantucket Memorial,Nantucket,MA,303.2,312.14,"5,436"
2023,228,LCH,Lake Charles Regional,Lake Charles,LA,504.11,518.98,"5,431"
2023,229,GFK,Grand Forks International,Grand Forks,ND,515.46,530.67,"5,419"
2023,230,KTN,Ketchikan International,Ketchikan,AK,502.54,517.37,"5,377"
2023,231,CWA,Central Wisconsin,Mosinee,WI,600.72,618.44,"5,375"
2023,231,COU,Columbia Regional,Columbia,MO,578.3,595.36,"5,375"
2023,233,RDD,Redding Regional,Redding,CA,436.82,449.7,"5,149"
2023,234,EWN,Coastal Carolina Regional,New Bern/Morehead/Beaufort,NC,720.65,741.91,"5,024"
2023,235,AEX,Alexandria International,Alexandria,LA,601.29,619.03,"5,014"
2023,236,LYH,Lynchburg Regional/Preston Glenn Field,Lynchburg,VA,581.15,598.29,"4,980"
2023,237,MHK,Manhattan Regional,Manhattan/Ft. Riley,KS,527.71,543.27,"4,941"
2023,238,SUN,Friedman Memorial,Sun Valley/Hailey/Ketchum,ID,647.21,666.3,"4,889"
2023,239,CMI,University of Illinois/Willard,Champaign/Urbana,IL,677.98,697.98,"4,867"
2023,240,RST,Rochester International,Rochester,MN,487.09,501.45,"4,832"
2023,241,VRB,Vero Beach Regional,Vero Beach,FL,152.05,156.53,"4,646"
2023,242,GUM,Guam International,Guam,TT,1660.98,1709.97,"4,466"
2023,243,TOL,Eugene F Kranz Toledo Express,Toledo,OH,178.76,184.04,"4,355"
2023,244,IAG,Niagara Falls International,Niagara Falls,NY,199.15,205.03,"4,190"
2023,245,YUM,Yuma MCAS/Yuma International,Yuma,AZ,709.4,730.33,"4,071"
2023,246,PHF,Newport News/Williamsburg International,Newport News/Williamsburg,VA,493.29,507.84,"3,955"
2023,247,SCK,Stockton Metro,Stockton,CA,129.88,133.72,"3,948"
2023,248,ITH,Ithaca Tompkins International,Ithaca/Cortland,NY,519.29,534.61,"3,911"
2023,249,GRI,Central Nebraska Regional,Grand Island,NE,365.84,376.63,"3,849"
2023,250,PSM,Portsmouth International at Pease,Portsmouth,NH,229.25,236.01,"3,847"
2023,251,SIT,Sitka Rocky Gutierrez,Sitka,AK,464.54,478.24,"3,745"
2023,252,CLL,Easterwood Field,College Station/Bryan,TX,567.95,584.7,"3,669"
2023,253,PUW,Pullman Moscow Regional,Pullman,WA,489.61,504.05,"3,643"
2023,254,HHH,Hilton Head Airport,Hilton Head,SC,404.93,416.88,"3,578"
2023,255,FLG,Flagstaff Pulliam,Flagstaff,AZ,658.03,677.44,"3,507"
2023,256,ADQ,Kodiak Airport,Kodiak,AK,532.66,548.37,"3,500"
2023,257,SPI,Abraham Lincoln Capital,Springfield,IL,342.84,352.96,"3,455"
2023,258,LWS,Lewiston Nez Perce County,Lewiston,ID,554.43,570.79,"3,448"
2023,259,SBY,Salisbury-Ocean City/Wicomico Regional,Salisbury,MD,689.7,710.05,"3,343"
2023,260,TYR,Tyler Pounds Regional,Tyler,TX,585.92,603.2,"3,286"
2023,261,ACT,Waco Regional,Waco,TX,586.92,604.23,"3,244"
2023,262,MVY,Martha's Vineyard Airport,Martha's Vineyard,MA,315.52,324.82,"3,230"
2023,263,FSM,Fort Smith Regional,Fort Smith,AR,678.22,698.23,"3,187"
2023,264,CSG,Columbus Airport,Columbus,GA,565.14,581.81,"3,020"
2023,265,ERI,Erie International/Tom Ridge Field,Erie,PA,550.28,566.51,"2,916"
2023,266,VLD,Valdosta Regional,Valdosta,GA,672.68,692.52,"2,803"
2023,267,HGR,Hagerstown Regional-Richard A. Henson Field,Hagerstown,MD,146.96,151.29,"2,783"
2023,268,SJT,San Angelo Regional/Mathis Field,San Angelo,TX,730.64,752.19,"2,754"
2023,269,ROW,Roswell Air Center,Roswell,NM,574.61,591.56,"2,702"
2023,270,EAT,Pangborn Memorial,Wenatchee,WA,530.92,546.58,"2,587"
2023,271,PGV,Pitt Greenville,Greenville,NC,486.74,501.09,"2,490"
2023,272,YKM,Yakima Air Terminal/McAllister Field,Yakima,WA,527.19,542.74,"2,476"
2023,273,GTR,Golden Triangle Regional,Columbus,MS,664.8,684.41,"2,412"
2023,274,LAW,Lawton-Fort Sill Regional,Lawton/Fort Sill,OK,518.31,533.59,"2,405"
2023,275,TXK,Texarkana Regional-Webb Field,Texarkana,AR,540.84,556.8,"2,325"
2023,276,MQT,Marquette Sawyer Regional,Marquette,MI,565.25,581.93,"2,316"
2023,277,OME,Nome Airport,Nome,AK,550.2,566.43,"2,311"
2023,278,CKB,North Central West Virginia,Clarksburg/Fairmont,WV,206.24,212.32,"2,195"
2023,279,GGG,East Texas Regional,Longview,TX,524.43,539.9,"2,190"
2023,280,BPT,Jack Brooks Regional,Beaumont/Port Arthur,TX,473.83,487.81,"2,120"
2023,281,OTZ,Ralph Wien Memorial,Kotzebue,AK,516.44,531.67,"2,107"
2023,282,SWO,Stillwater Regional,Stillwater,OK,509.72,524.75,"2,029"
2023,283,SLE,McNary Field,Salem,OR,144.36,148.62,"1,979"
2023,284,ALW,Walla Walla Regional,Walla Walla,WA,431.29,444.01,"1,977"
2023,285,DHN,Dothan Regional,Dothan,AL,764.37,786.92,"1,974"
2023,286,PPG,Pago Pago International,Pago Pago,TT,1227.42,1263.62,"1,942"
2023,287,LSE,La Crosse Regional,La Crosse,WI,645.39,664.43,"1,939"
2023,288,SCC,Deadhorse Airport,Deadhorse,AK,529.63,545.25,"1,933"
2023,289,BRW,Wiley Post/Will Rogers Memorial,Barrow,AK,497.43,512.1,"1,914"
2023,290,SPS,Sheppard AFB/Wichita Falls Municipal,Wichita Falls,TX,588.27,605.62,"1,907"
2023,291,BQK,Brunswick Golden Isles,Brunswick,GA,595.63,613.2,"1,856"
2023,292,TWF,Joslin Field - Magic Valley Regional,Twin Falls,ID,713.22,734.26,"1,848"
2023,293,BGM,Greater Binghamton/Edwin A. Link Field,Binghamton,NY,312.4,321.61,"1,769"
2023,294,CYS,Cheyenne Regional/Jerry Olson Field,Cheyenne,WY,545.44,561.53,"1,741"
2023,295,BJI,Bemidji Regional,Bemidji,MN,655.2,674.52,"1,737"
2023,296,STC,St. Cloud Regional,St. Cloud,MN,250.29,257.67,"1,726"
2023,297,GUC,Gunnison-Crested Butte Regional,Gunnison,CO,625.59,644.04,"1,725"
2023,298,ABY,Southwest Georgia Regional,Albany,GA,703.59,724.34,"1,697"
2023,299,CIU,Chippewa County International,Sault Ste. Marie,MI,653.47,672.75,"1,670"
2023,300,GCC,Northeast Wyoming Regional,Gillette,WY,684.43,704.62,"1,653"
2023,301,COD,Yellowstone Regional,Cody,WY,649.73,668.89,"1,631"
2023,302,GCK,Garden City Regional,Garden City,KS,640.73,659.63,"1,613"
2023,303,FLO,Florence Regional,Florence,SC,486.39,500.73,"1,496"
2023,304,SHR,Sheridan County,Sheridan,WY,684.76,704.95,"1,488"
2023,305,ART,Watertown International,Watertown,NY,386.97,398.39,"1,484"
2023,306,HOB,Lea County Regional,Hobbs,NM,487.69,502.08,"1,481"
2023,307,DIK,Dickinson - Theodore Roosevelt Regional,Dickinson,ND,604.07,621.89,"1,442"
2023,308,RHI,Rhinelander/Oneida County,Rhinelander,WI,662.23,681.76,"1,431"
2023,309,PLN,Pellston Regional Airport of Emmet County,Pellston,MI,761.71,784.17,"1,430"
2023,310,ABR,Aberdeen Regional,Aberdeen,SD,720.33,741.58,"1,417"
2023,311,PIH,Pocatello Regional,Pocatello,ID,745.51,767.5,"1,386"
2023,312,DLG,Dillingham Airport,Dillingham,AK,523.35,538.78,"1,385"
2023,313,SPN,Francisco C. Ada Saipan International,Saipan,TT,646.52,665.59,"1,357"
2023,314,PQI,Presque Isle International,Presque Isle/Houlton,ME,509.91,524.95,"1,349"
2023,315,SBD,San Bernardino International,San Bernardino,CA,118.95,122.46,"1,217"
2023,316,EAU,Chippewa Valley Regional,Eau Claire,WI,228.89,235.64,"1,210"
2023,317,RKS,Southwest Wyoming Regional,Rock Springs,WY,643.54,662.52,"1,198"
2023,318,IMT,Ford,Iron Mountain/Kingsfd,MI,575.56,592.54,"1,197"
2023,319,RIW,Central Wyoming Regional,Riverton/Lander,WY,654.7,674.01,"1,179"
2023,320,CMX,Houghton County Memorial,Hancock/Houghton,MI,632.87,651.54,"1,092"
2023,321,SUX,Sioux Gateway Brig Gen Bud Day Field,Sioux City,IA,514.78,529.96,"1,055"
2023,322,PSG,Petersburg James A Johnson,Petersburg,AK,496.57,511.22,"1,000"
2023,323,BRD,Brainerd Lakes Regional,Brainerd,MN,640.68,659.58,964
2023,324,LAR,Laramie Regional,Laramie,WY,550.65,566.89,961
2023,325,AKN,King Salmon Airport,King Salmon,AK,564.4,581.05,959
2023,326,ESC,Delta County,Escanaba,MI,556.16,572.57,951
2023,327,HYA,Cape Cod Gateway,Hyannis,MA,239.13,246.19,950
2023,328,LBF,North Platte Regional Airport Lee Bird Field,North Platte,NE,536.31,552.13,919
2023,329,BTM,Bert Mooney,Butte,MT,618.4,636.64,907
2023,330,MEI,Key Field,Meridian,MS,512.33,527.44,844
2023,331,JST,John Murtha Johnstown-Cambria County,Johnstown,PA,473.41,487.38,813
2023,332,CDV,Merle K Mudhole Smith,Cordova,AK,487.41,501.79,811
2023,333,VCT,Victoria Regional,Victoria,TX,491.55,506.05,783
2023,334,OTH,Southwest Oregon Regional,North Bend/Coos Bay,OR,491.18,505.67,780
2023,335,EKO,Elko Regional,Elko,NV,675.53,695.46,773
2023,336,SLN,Salina Regional,Salina,KS,419.15,431.51,764
2023,337,SMX,Santa Maria Public/Capt. G. Allan Hancock Field,Santa Maria,CA,118.28,121.76,739
2023,338,HYS,Hays Regional,Hays,KS,507.65,522.62,735
2023,339,CDC,Cedar City Regional,Cedar City,UT,516.29,531.52,732
2023,340,APN,Alpena County Regional,Alpena,MI,643.68,662.67,707
2023,341,JLN,Joplin Regional,Joplin,MO,527.58,543.15,681
2023,342,HIB,Range Regional,Hibbing,MN,665.4,685.03,660
2023,343,BFF,Western Neb. Regional/William B. Heilig Field,Scottsbluff,NE,539.76,555.68,635
2023,344,WRG,Wrangell Airport,Wrangell,AK,520.82,536.19,631
2023,345,EAR,Kearney Regional,Kearney,NE,573.26,590.17,618
2023,346,DEC,Decatur Airport,Decatur,IL,528.88,544.48,596
2023,347,INL,Falls International Einarson Field,International Falls,MN,667.59,687.28,580
2023,348,PRC,Prescott Regional Ernest A Love Field,Prescott,AZ,655.78,675.12,525
2023,349,PIR,Pierre Regional,Pierre,SD,638.39,657.22,507
2023,350,ALO,Waterloo Regional,Waterloo,IA,549.59,565.8,493
2023,351,PIB,Hattiesburg-Laurel Regional,Hattiesburg/Laurel,MS,545.53,561.62,484
2023,352,JMS,Jamestown Regional,Jamestown,ND,552.7,569,407
2023,353,DVL,Devils Lake Regional,Devils Lake,ND,546.58,562.7,390
2023,354,DBQ,Dubuque Regional,Dubuque,IA,152.97,157.48,388
2023,355,LBL,Liberal Mid-America Regional,Liberal,KS,519.75,535.08,386
2023,356,DDC,Dodge City Regional,Dodge City,KS,468.52,482.34,384
2023,357,PAH,Barkley Regional,Paducah,KY,626.57,645.06,376
2023,358,BFM,Mobile International,Mobile,AL,82.71,85.15,371
2023,359,YAK,Yakutat Airport,Yakutat,AK,516.68,531.92,370
2023,360,SHD,Shenandoah Valley Regional,Staunton,VA,587.25,604.57,349
2023,361,LNS,Lancaster Airport,Lancaster,PA,435.69,448.55,320
2023,362,VEL,Vernal Regional,Vernal,UT,527.02,542.56,303
2023,363,FOD,Fort Dodge Regional,Fort Dodge,IA,487.06,501.43,298
2023,364,BIH,Bishop Airport,Bishop,CA,460.78,474.37,296
2023,365,ALS,San Luis Valley Regional/Bergman Field,Alamosa,CO,561.22,577.77,295
2023,366,ATY,Watertown Regional,Watertown,SD,518.78,534.08,281
2023,367,WYS,Yellowstone,West Yellowstone,MT,396.51,408.2,259
2023,368,CVN,Clovis Regional,Clovis,NM,575.22,592.19,247
2023,369,CNY,Canyonlands Regional,Moab,UT,417.83,430.16,241
2023,370,LWB,Greenbrier Valley,Lewisburg,WV,537.68,553.54,236
2023,371,LEB,Lebanon Municipal,Lebanon-Hanover,NH,506.83,521.78,231
2023,372,MWA,Veterans Airport of Southern Illinois,Marion/Herrin,IL,540.7,556.65,227
2023,373,MCW,Mason City Municipal,Mason City,IA,473.1,487.06,219
2023,374,BKW,Raleigh County Memorial,Beckley,WV,569,585.78,206
2023,375,OGS,Ogdensburg International,Ogdensburg,NY,563.53,580.15,204
2023,376,MGW,Morgantown Municipal Walter L Bill Hart Field,Morgantown,WV,495.67,510.3,201
2023,377,BHB,Hancock County-Bar Harbor,Bar Harbor,ME,537.4,553.25,193
2023,378,TBN,Waynesville-St. Robert Regional Forney Field,Fort Leonard Wood,MO,421.1,433.52,177
2023,379,PKB,Mid-Ohio Valley Regional,Parkersburg,WV,556.02,572.43,174
2023,380,GST,Gustavus Airport,Gustavus,AK,247.13,254.41,162
2023,380,TEX,Telluride Regional,Telluride,CO,678.04,698.03,162
2023,382,AUG,Augusta State,Augusta/Waterville,ME,491.91,506.42,161
2023,383,CGI,Cape Girardeau Regional,Cape Girardeau,MO,439.42,452.39,155
2023,384,RKD,Knox County Regional,Rockland,ME,548.72,564.91,152
2023,385,IWD,Gogebic-Iron County,Ironwood,MI,530.52,546.17,148
2023,386,MBL,Manistee County-Blacker,Manistee/Ludington,MI,406.29,418.28,145
2023,387,PGA,Page Municipal,Page,AZ,482.33,496.56,143
2023,388,IPL,Imperial County,El Centro,CA,446.1,459.26,141
2023,389,DUJ,DuBois Regional,DuBois,PA,520.08,535.42,140
2023,390,AOO,Altoona-Blair County,Altoona,PA,472.19,486.12,134
2023,391,IRK,Kirksville Regional,Kirksville,MO,523.15,538.58,133
2023,392,OWB,Owensboro Daviess County Regional,Owensboro,KY,206.18,212.26,129
2023,393,TUP,Tupelo Regional,Tupelo,MS,438.56,451.49,126
2023,394,RUT,Rutland - Southern Vermont Regional,Rutland,VT,487.3,501.67,124
2023,395,MKG,Muskegon County,Muskegon,MI,505.3,520.2,107
2023,396,BKG,Branson Airport,Branson,MO,87.6,90.18,105
2023,396,UIN,Quincy Regional-Baldwin Field,Quincy,IL,455.54,468.97,105
2023,398,CEZ,Cortez Municipal,Cortez,CO,499.58,514.32,98
2023,399,BRL,Southeast Iowa Regional,Burlington,IA,451.74,465.06,96
2023,399,TVF,Thief River Falls Regional,Thief River Falls,MN,554.82,571.19,96
2023,401,PVC,Provincetown Municipal,Provincetown,MA,742.3,764.2,94
2023,402,AIA,Alliance Municipal,Alliance,NE,616.69,634.88,92
2023,403,MSL,Northwest Alabama Regional,Muscle Shoals,AL,493.26,507.81,91
2023,404,PUB,Pueblo Memorial,Pueblo,CO,467.13,480.91,86
2023,404,SLK,Adirondack Regional,Saranac Lake/Lake Placid,NY,548.56,564.74,86
2023,406,MCK,McCook Ben Nelson Regional,McCook,NE,532.16,547.86,67
2023,406,SDY,Sidney Richland Regional,Sidney,MT,621.84,640.19,67
2023,408,HOM,Homer Airport,Homer,AK,701.88,722.58,66
2023,409,DUT,Unalaska Airport,Unalaska,AK,1419.28,1461.14,64
2023,410,BFD,Bradford Regional,Bradford,PA,493.8,508.37,62
2023,410,SOW,Show Low Regional,Show Low,AZ,496.07,510.71,62
2023,412,GLH,Greenville Mid Delta,Greenville,MS,530.56,546.21,61
2023,413,VQS,Antonio Rivera Rodriguez,Vieques,PR,640.25,659.14,59
2023,414,ADK,Adak,Adak Island,AK,791.07,814.4,57
2023,414,MAZ,Eugenio Maria de Hostos,Mayaguez,PR,512.31,527.42,57
2023,416,MSS,Massena International-Richards Field,Massena,NY,565.19,581.86,52
2023,417,HOT,Memorial Field,Hot Springs,AR,507.26,522.23,39
2023,417,MKK,Molokai,Hoolehua,HI,679.5,699.54,39
2023,419,HRO,Boone County,Harrison,AR,491.25,505.74,30
2023,420,CDR,Chadron Municipal,Chadron,NE,412.16,424.31,29
2023,420,GDV,Dawson Community,Glendive,MT,514.7,529.88,29
2023,422,ELD,South Arkansas Regional at Goodwin Field,El Dorado,AR,584.02,601.25,24
2023,423,JBR,Jonesboro Municipal,Jonesboro,AR,355,365.47,20
2023,424,OLF,L. M. Clayton,Wolf Point,MT,691.81,712.22,19
2023,425,PDT,Eastern Oregon Regional at Pendleton,Pendleton,OR,647.53,666.63,17
2023,425,MKL,McKellar-Sipes Regional,Jackson,TN,412.44,424.6,17
2023,427,LNY,Lanai Airport,Lanai,HI,574.6,591.55,16
2023,428,CPX,Benjamin Rivera Noriega,Culebra,PR,452.92,466.28,15
2023,429,HVR,Havre City-County,Havre,MT,606.88,624.78,14
2023,430,GGW,Wokal Field Glasgow Valley County,Glasgow,MT,584.38,601.62,12
2023,430,VDZ,Valdez Pioneer Field,Valdez,AK,675.89,695.82,12
2023,432,JHM,Kapalua Airport,Kapalua,HI,580.25,597.37,6
2023,432,SGY,Skagway Airport,Skagway,AK,924.33,951.6,6
2023,434,CDB,Cold Bay Airport,Cold Bay,AK,1354.7,1394.66,5
2023,435,KSM,St. Mary's Airport,St. Mary's,AK,581,598.14,2
2023,435,MCN,Middle Georgia Regional,Macon,GA,531.17,546.83,2
2023,435,UNK,Unalakleet Airport,Unalakleet,AK,490,504.45,2
2023,438,SDP,Sand Point,Sandpoint,AK,1053,1084.06,1
2023,439,MUE,Waimea-Kohala,Kamuela,HI,274,282.08, -   
2023,439,HNH,Hoonah Airport,Hoonah,AK,721,742.27, -   
2023,439,ESD,Orcas Island,Eastsound,WA,411,423.12, -   
2023,439,EWB,New Bedford Regional,New Bedford/Fall River,MA,442,455.04, -   
2023,439,FRD,Friday Harbor Airport,Friday Harbor,WA,426.5,439.08, -   
2023,439,ENA,Kenai Municipal,Kenai,AK,687.58,707.86, -   
2023,439,HNS,Haines Airport,Haines,AK,702.5,723.22, -   
2023,439,CNM,Cavern City Air Terminal,Carlsbad,NM,561.69,578.26, -   
2023,439,ANI,Aniak Airport,Aniak,AK,770,792.71, -   
2023,439,CEC,Jack McNamara Field,Crescent City,CA,372,382.97, -   
2023,439,DRT,Del Rio International,Del Rio,TX,471.18,485.08, -   
2023,439,FNL,Northern Colorado Regional,Fort Collins/Loveland,CO,83,85.45, -   
2024,1,LAX,Los Angeles International,Los Angeles,CA,407.41,407.41,"12,84,083"
2024,2,ORD,Chicago O'Hare International,Chicago-O'Hare,IL,376.15,376.15,"10,89,038"
2024,3,DEN,Denver International,Denver,CO,351.81,351.81,"10,23,630"
2024,4,ATL,Hartsfield-Jackson Atlanta International,Atlanta,GA,409.34,409.34,"10,12,618"
2024,5,BOS,Logan International,Boston,MA,369.65,369.65,"9,86,868"
2024,6,EWR,Newark Liberty International,Newark,NJ,426.52,426.52,"9,40,299"
2024,7,DFW,Dallas/Fort Worth International,Dallas-DFW,TX,415.35,415.35,"8,94,683"
2024,8,SEA,Seattle/Tacoma International,Seattle,WA,396.6,396.6,"8,80,202"
2024,9,MCO,Orlando International,Orlando,FL,275.79,275.79,"8,45,562"
2024,10,SFO,San Francisco International,San Francisco,CA,452.89,452.89,"8,44,286"
2024,11,PHX,Phoenix Sky Harbor International,Phoenix,AZ,370.82,370.82,"8,25,399"
2024,12,LGA,LaGuardia,New York-La Guardia,NY,331.91,331.91,"7,95,129"
2024,13,JFK,John F. Kennedy International,New York-JFK,NY,427.07,427.07,"7,50,626"
2024,14,LAS,Harry Reid International,Las Vegas,NV,285.46,285.46,"6,75,568"
2024,15,MSP,Minneapolis-St Paul International,Minneapolis,MN,392.71,392.71,"6,57,943"
2024,16,IAH,George Bush Intercontinental/Houston,Houston-Intercontinental,TX,406.23,406.23,"6,27,878"
2024,17,PHL,Philadelphia International,Philadelphia,PA,394.54,394.54,"6,18,958"
2024,18,SAN,San Diego International,San Diego,CA,373.79,373.79,"5,96,023"
2024,19,FLL,Fort Lauderdale-Hollywood International,Fort Lauderdale,FL,265.32,265.32,"5,85,196"
2024,20,DTW,Detroit Metro Wayne County,Detroit,MI,431.74,431.74,"5,72,843"
2024,21,DCA,Ronald Reagan Washington National,Washington-Reagan National,DC,379.6,379.6,"5,47,638"
2024,22,TPA,Tampa International,Tampa,FL,330.3,330.3,"5,34,514"
2024,23,BWI,Baltimore/Washington International Thurgood Marshall,Baltimore,MD,362.3,362.3,"4,89,183"
2024,24,MIA,Miami International,Miami,FL,340.57,340.57,"4,78,084"
2024,25,AUS,Austin - Bergstrom International,Austin,TX,398.98,398.98,"4,72,888"
2024,26,CLT,Charlotte Douglas International,Charlotte,NC,422.67,422.67,"4,46,301"
2024,27,PDX,Portland International,Portland,OR,393.33,393.33,"4,41,785"
2024,28,BNA,Nashville International,Nashville,TN,357.19,357.19,"4,41,195"
2024,29,SLC,Salt Lake City International,Salt Lake City,UT,434.26,434.26,"4,34,499"
2024,30,RDU,Raleigh-Durham International,Raleigh/Durham,NC,364.02,364.02,"4,03,082"
2024,31,SMF,Sacramento International,Sacramento,CA,387.84,387.84,"3,67,629"
2024,32,HNL,Daniel K Inouye International,Honolulu,HI,369.74,369.74,"3,55,128"
2024,33,MDW,Chicago Midway International,Chicago-Midway,IL,306.96,306.96,"3,49,329"
2024,34,STL,St Louis Lambert International,St. Louis,MO,397.36,397.36,"3,17,689"
2024,35,IAD,Washington Dulles International,Washington-Dulles,DC,490.14,490.14,"3,16,263"
2024,36,SJC,Norman Y. Mineta San Jose International,San Jose,CA,336.26,336.26,"3,05,263"
2024,37,MCI,Kansas City International,Kansas City,MO,401.47,401.47,"2,97,424"
2024,38,DAL,Dallas Love Field,Dallas-Love Field,TX,337.15,337.15,"2,89,935"
2024,39,IND,Indianapolis International,Indianapolis,IN,385.38,385.38,"2,89,135"
2024,40,CLE,Cleveland-Hopkins International,Cleveland,OH,362.71,362.71,"2,75,340"
2024,41,PIT,Pittsburgh International,Pittsburgh,PA,367.09,367.09,"2,73,272"
2024,42,OAK,Metro Oakland International,Oakland,CA,319.09,319.09,"2,68,902"
2024,43,MSY,Louis Armstrong New Orleans International,New Orleans,LA,333.69,333.69,"2,68,725"
2024,44,SJU,Luis Munoz Marin International,San Juan,PR,277.9,277.9,"2,62,979"
2024,45,SAT,San Antonio International,San Antonio,TX,398.9,398.9,"2,61,417"
2024,46,CVG,Cincinnati/Northern Kentucky International,Cincinnati,OH,360.66,360.66,"2,54,552"
2024,47,SNA,John Wayne Airport-Orange County,Santa Ana,CA,430.95,430.95,"2,54,126"
2024,48,CMH,John Glenn Columbus International,Columbus,OH,395.21,395.21,"2,44,751"
2024,49,HOU,William P Hobby,Houston-Hobby,TX,350.1,350.1,"2,29,047"
2024,50,RSW,Southwest Florida International,Fort Myers,FL,343.86,343.86,"2,15,751"
2024,51,BDL,Bradley International,Hartford,CT,375.58,375.58,"2,10,677"
2024,52,PBI,Palm Beach International,West Palm Beach/Palm Beach,FL,349.33,349.33,"2,07,211"
2024,53,ONT,Ontario International,Ontario,CA,374.08,374.08,"1,98,746"
2024,54,JAX,Jacksonville International,Jacksonville,FL,404.13,404.13,"1,90,561"
2024,55,BUR,Bob Hope,Burbank,CA,317.95,317.95,"1,83,243"
2024,56,MKE,General Mitchell International,Milwaukee,WI,394.91,394.91,"1,79,994"
2024,57,BUF,Buffalo Niagara International,Buffalo,NY,338.73,338.73,"1,46,872"
2024,58,RIC,Richmond International,Richmond,VA,407.1,407.1,"1,45,166"
2024,59,CHS,Charleston AFB/International,Charleston,SC,359.39,359.39,"1,44,183"
2024,60,OMA,Eppley Airfield,Omaha,NE,423.3,423.3,"1,43,403"
2024,61,BOI,Boise Air Terminal,Boise,ID,408.16,408.16,"1,35,151"
2024,62,ORF,Norfolk International,Norfolk,VA,415.07,415.07,"1,35,070"
2024,63,MEM,Memphis International,Memphis,TN,411.66,411.66,"1,33,439"
2024,64,ABQ,Albuquerque International Sunport,Albuquerque,NM,409.64,409.64,"1,33,295"
2024,65,PVD,Rhode Island Tf Green International,Providence,RI,342.14,342.14,"1,23,931"
2024,66,GRR,Gerald R. Ford International,Grand Rapids,MI,408.04,408.04,"1,22,792"
2024,67,SDF,Louisville Muhammad Ali International,Louisville,KY,389.45,389.45,"1,22,639"
2024,68,OKC,Will Rogers World,Oklahoma City,OK,442.33,442.33,"1,21,164"
2024,69,ELP,El Paso International,El Paso,TX,399.24,399.24,"1,20,309"
2024,70,ANC,Ted Stevens Anchorage International,Anchorage,AK,530.75,530.75,"1,13,291"
2024,71,GEG,Spokane International,Spokane,WA,427.07,427.07,"1,12,587"
2024,72,OGG,Kahului Airport,Kahului,HI,283.32,283.32,"1,12,368"
2024,73,RNO,Reno/Tahoe International,Reno,NV,388.44,388.44,"1,09,805"
2024,74,LGB,Long Beach Airport,Long Beach,CA,329.02,329.02,"1,02,848"
2024,75,TUS,Tucson International,Tucson,AZ,447.17,447.17,"1,02,184"
2024,76,SYR,Syracuse Hancock International,Syracuse,NY,375.19,375.19,"94,536"
2024,77,DSM,Des Moines International,Des Moines,IA,395.07,395.07,"91,115"
2024,78,ALB,Albany International,Albany,NY,429.69,429.69,"88,845"
2024,79,TUL,Tulsa International,Tulsa,OK,436.69,436.69,"88,037"
2024,80,BHM,Birmingham-Shuttlesworth International,Birmingham,AL,496.14,496.14,"87,795"
2024,81,SRQ,Sarasota/Bradenton International,Sarasota/Bradenton,FL,334.8,334.8,"86,365"
2024,82,HPN,Westchester County,White Plains,NY,350.97,350.97,"85,416"
2024,83,SAV,Savannah/Hilton Head International,Savannah,GA,399.56,399.56,"85,268"
2024,84,ROC,Frederick Douglass Grtr Rochester International,Rochester,NY,386.48,386.48,"81,114"
2024,85,TYS,McGhee Tyson,Knoxville,TN,426.22,426.22,"80,983"
2024,86,KOA,Ellison Onizuka Kona International at Keahole,Kona,HI,281.52,281.52,"75,880"
2024,87,GSP,Greenville-Spartanburg International,Greer,SC,462.97,462.97,"74,606"
2024,88,PNS,Pensacola International,Pensacola,FL,411.93,411.93,"72,946"
2024,89,COS,City of Colorado Springs Municipal,Colorado Springs,CO,402.21,402.21,"67,750"
2024,90,MYR,Myrtle Beach International,Myrtle Beach,SC,281.65,281.65,"67,308"
2024,91,MSN,Dane County Regional-Truax Field,Madison,WI,499.58,499.58,"67,201"
2024,92,LIH,Lihue Airport,Lihue,HI,266.94,266.94,"66,233"
2024,93,FAT,Fresno Yosemite International,Fresno,CA,445.25,445.25,"65,689"
2024,94,PWM,Portland International Jetport,Portland,ME,418.28,418.28,"65,280"
2024,95,LIT,Bill and Hillary Clinton Nat Adams Field,Little Rock,AR,453.62,453.62,"63,818"
2024,96,XNA,Northwest Arkansas National,Fayetteville,AR,464.78,464.78,"60,392"
2024,97,BZN,Bozeman Yellowstone International,Bozeman,MT,424,424,"56,214"
2024,98,AVL,Asheville Regional,Asheville,NC,329.04,329.04,"52,773"
2024,99,PSP,Palm Springs International,Palm Springs,CA,428.31,428.31,"52,513"
2024,100,GSO,Piedmont Triad International,Greensboro/High Point,NC,471.5,471.5,"52,146"
2024,101,ICT,Wichita Dwight D Eisenhower National,Wichita,KS,436.63,436.63,"50,450"
2024,102,PIE,St Pete Clearwater International,St. Petersburg,FL,129.18,129.18,"48,668"
2024,103,SFB,Orlando Sanford International,Sanford,FL,123.12,123.12,"48,131"
2024,104,EUG,Mahlon Sweet Field,Eugene,OR,413.99,413.99,"48,046"
2024,105,CID,The Eastern Iowa,Cedar Rapids/Iowa City,IA,407.1,407.1,"46,040"
2024,106,HVN,Tweed New Haven,New Haven,CT,179.17,179.17,"45,855"
2024,107,HSV,Huntsville International-Carl T Jones Field,Huntsville,AL,538.24,538.24,"44,464"
2024,108,MDT,Harrisburg International,Harrisburg,PA,454,454,"42,667"
2024,109,ISP,Long Island MacArthur,Islip,NY,271.6,271.6,"42,627"
2024,110,LEX,Blue Grass,Lexington,KY,451.7,451.7,"42,439"
2024,111,MAF,Midland International Air and Space Port,Midland/Odessa,TX,419.89,419.89,"41,759"
2024,112,FSD,Joe Foss Field,Sioux Falls,SD,420.24,420.24,"40,697"
2024,113,AZA,Phoenix - Mesa Gateway,Phoenix,AZ,146.95,146.95,"40,330"
2024,114,MFE,McAllen International,Mission/McAllen/Edinburg,TX,397.41,397.41,"39,274"
2024,115,VPS,Eglin AFB Destin Fort Walton Beach,Valparaiso,FL,383.44,383.44,"38,296"
2024,116,ILM,Wilmington International,Wilmington,NC,487.79,487.79,"38,008"
2024,117,ITO,Hilo International,Hilo,HI,214.43,214.43,"37,948"
2024,118,SGF,Springfield-Branson National,Springfield,MO,456.23,456.23,"37,755"
2024,119,PGD,Punta Gorda Airport,Punta Gorda,FL,144.49,144.49,"37,063"
2024,120,MHT,Manchester Boston Regional,Manchester,NH,414.72,414.72,"37,031"
2024,121,BTV,Burlington International,Burlington,VT,488.52,488.52,"36,575"
2024,122,SBA,Santa Barbara Municipal,Santa Barbara,CA,454.5,454.5,"36,080"
2024,123,JAN,Jackson Medgar Wiley Evers International,Jackson/Vicksburg,MS,496.64,496.64,"35,868"
2024,124,ATW,Appleton International,Appleton,WI,399.73,399.73,"35,369"
2024,125,CAE,Columbia Metropolitan,Columbia,SC,509.31,509.31,"35,315"
2024,126,DAY,James M Cox/Dayton International,Dayton,OH,482.76,482.76,"35,189"
2024,127,ECP,Northwest Florida Beaches International,Panama City,FL,434.09,434.09,"33,188"
2024,128,RDM,Roberts Field,Bend/Redmond,OR,456.47,456.47,"33,127"
2024,129,FAR,Hector International,Fargo,ND,463.44,463.44,"32,694"
2024,130,CHA,Lovell Field,Chattanooga,TN,521.13,521.13,"31,471"
2024,131,LBB,Lubbock Preston Smith International,Lubbock,TX,448.1,448.1,"30,395"
2024,132,ABE,Lehigh Valley International,Allentown/Bethlehem/Easton,PA,279.81,279.81,"29,795"
2024,133,HRL,Valley International,Harlingen/San Benito,TX,338.59,338.59,"29,191"
2024,134,ACY,Atlantic City International,Atlantic City,NJ,143.28,143.28,"28,530"
2024,135,MFR,Rogue Valley International - Medford,Medford,OR,447.42,447.42,"28,387"
2024,136,SBN,South Bend International,South Bend,IN,413.1,413.1,"27,926"
2024,137,PSC,Tri Cities,Pasco/Kennewick/Richland,WA,492.7,492.7,"27,906"
2024,138,FAI,Fairbanks International,Fairbanks,AK,525.21,525.21,"27,618"
2024,139,PVU,Provo Municipal,Provo,UT,141.5,141.5,"27,400"
2024,140,FWA,Fort Wayne International,Fort Wayne,IN,421.76,421.76,"26,685"
2024,141,TLH,Tallahassee International,Tallahassee,FL,554.31,554.31,"25,686"
2024,142,MSO,Missoula Montana,Missoula,MT,484.34,484.34,"25,558"
2024,143,CAK,Akron-Canton Regional,Akron,OH,268.5,268.5,"25,340"
2024,144,BIL,Billings Logan International,Billings,MT,489.11,489.11,"25,278"
2024,145,STT,Cyril E King,Charlotte Amalie,VI,373.06,373.06,"23,386"
2024,146,BTR,Baton Rouge Metropolitan/Ryan Field,Baton Rouge,LA,510.23,510.23,"22,788"
2024,147,PIA,General Downing - Peoria International,Peoria,IL,355.23,355.23,"22,607"
2024,148,STS,Charles M. Schulz - Sonoma County,Santa Rosa,CA,306.18,306.18,"21,711"
2024,149,AMA,Rick Husband Amarillo International,Amarillo,TX,436.41,436.41,"21,618"
2024,150,FCA,Glacier Park International,Kalispell,MT,491.94,491.94,"21,498"
2024,151,ROA,Roanoke Blacksburg Regional,Roanoke,VA,519.68,519.68,"21,008"
2024,152,BQN,Rafael Hernandez,Aguadilla,PR,238.18,238.18,"20,736"
2024,153,CHO,Charlottesville Albemarle,Charlottesville,VA,488.31,488.31,"20,466"
2024,154,MLI,Quad Cities International,Moline,IL,433.31,433.31,"20,094"
2024,155,RAP,Rapid City Regional,Rapid City,SD,465.38,465.38,"20,028"
2024,156,SBP,San Luis County Regional,San Luis Obispo,CA,530.2,530.2,"19,797"
2024,157,FNT,Bishop International,Flint,MI,249.31,249.31,"19,789"
2024,158,CRP,Corpus Christi International,Corpus Christi,TX,500.3,500.3,"19,530"
2024,159,PAE,Snohomish County,Everett,WA,385.33,385.33,"19,523"
2024,160,SHV,Shreveport Regional,Shreveport,LA,516.94,516.94,"19,446"
2024,161,TVC,Cherry Capital,Traverse City,MI,501.7,501.7,"19,320"
2024,162,BGR,Bangor International,Bangor,ME,433.09,433.09,"19,034"
2024,163,GRB,Green Bay Austin Straubel International,Green Bay,WI,552.43,552.43,"18,187"
2024,164,BIS,Bismarck Municipal,Bismarck/Mandan,ND,468.54,468.54,"17,904"
2024,165,BLI,Bellingham International,Bellingham,WA,283.95,283.95,"17,664"
2024,166,AGS,Augusta Regional at Bush Field,Augusta,GA,556.55,556.55,"17,458"
2024,167,IDA,Idaho Falls Regional,Idaho Falls,ID,482.25,482.25,"17,151"
2024,168,DAB,Daytona Beach International,Daytona Beach,FL,476.41,476.41,"16,860"
2024,169,JAC,Jackson Hole,Jackson,WY,585.31,585.31,"16,840"
2024,170,TTN,Trenton Mercer,Trenton,NJ,157.59,157.59,"16,828"
2024,171,GNV,Gainesville Regional,Gainesville,FL,551.1,551.1,"16,639"
2024,172,EYW,Key West International,Key West,FL,414.67,414.67,"16,616"
2024,173,GPT,Gulfport-Biloxi International,Gulfport/Biloxi,MS,467.88,467.88,"16,550"
2024,174,MOB,Mobile Regional,Mobile,AL,528.27,528.27,"15,611"
2024,175,LFT,Lafayette Regional Paul Fournet Field,Lafayette,LA,586.8,586.8,"14,541"
2024,176,MRY,Monterey Regional,Monterey,CA,476.01,476.01,"14,130"
2024,177,AVP,Wilkes Barre Scranton International,Scranton/Wilkes-Barre,PA,488.15,488.15,"14,115"
2024,178,JNU,Juneau International,Juneau,AK,472.62,472.62,"14,056"
2024,179,GJT,Grand Junction Regional,Grand Junction,CO,521.4,521.4,"13,880"
2024,180,TRI,Tri Cities,Bristol/Johnson City/Kingsport,TN,604.02,604.02,"12,639"
2024,181,MLB,Melbourne Orlando International,Melbourne,FL,485.43,485.43,"12,470"
2024,182,BRO,Brownsville South Padre Island International,Brownsville,TX,376.72,376.72,"12,172"
2024,183,BFL,Meadows Field,Bakersfield,CA,558.21,558.21,"11,994"
2024,184,DRO,Durango La Plata County,Durango,CO,575.08,575.08,"11,912"
2024,185,CRW,West Virginia International Yeager,Charleston/Dunbar,WV,531.58,531.58,"11,747"
2024,186,ASE,Aspen Pitkin County Sardy Field,Aspen,CO,656.36,656.36,"11,153"
2024,187,BLV,Scott AFB MidAmerica St Louis,Belleville,IL,134.69,134.69,"11,114"
2024,188,GTF,Great Falls International,Great Falls,MT,482.63,482.63,"10,663"
2024,189,EVV,Evansville Regional,Evansville,IN,556.64,556.64,"10,601"
2024,190,FAY,Fayetteville Regional/Grannis Field,Fayetteville,NC,506.48,506.48,"10,527"
2024,191,MOT,Minot International,Minot,ND,465.87,465.87,"10,415"
2024,192,LCK,Rickenbacker International,Columbus,OH,137.59,137.59,"10,393"
2024,193,MGM,Montgomery Regional,Montgomery,AL,541.16,541.16,"10,260"
2024,194,MTJ,Montrose Regional,Montrose/Delta,CO,443.16,443.16,"10,218"
2024,195,ILG,New Castle,Wilmington,DE,174.2,174.2,"10,215"
2024,196,LRD,Laredo International,Laredo,TX,409.98,409.98,"9,858"
2024,197,BMI,Central Il Regional Airport at Bloomington,Bloomington/Normal,IL,464.09,464.09,"9,540"
2024,198,ORH,Worcester Regional,Worcester,MA,292.54,292.54,"9,491"
2024,199,RFD,Chicago/Rockford International,Rockford,IL,170.8,170.8,"9,435"
2024,200,STX,Henry E. Rohlsen,Christiansted,VI,366.63,366.63,"8,986"
2024,201,OAJ,Albert J Ellis,Jacksonville/Camp Lejeune,NC,518.81,518.81,"8,903"
2024,202,PSE,Mercedita,Ponce,PR,198.55,198.55,"8,826"
2024,203,SGU,St George Regional,St. George,UT,582.51,582.51,"7,927"
2024,204,EGE,Eagle County Regional,Eagle,CO,650.84,650.84,"7,923"
2024,205,SAF,Santa Fe Municipal,Santa Fe,NM,544.59,544.59,"7,660"
2024,206,SCE,University Park,State College,PA,634.61,634.61,"7,557"
2024,207,ACV,California Redwood Coast Humboldt County,Arcata/Eureka,CA,478.59,478.59,"7,528"
2024,208,DLH,Duluth International,Duluth,MN,553.7,553.7,"7,375"
2024,209,PBG,Plattsburgh International,Plattsburgh,NY,195.35,195.35,"6,860"
2024,210,LAN,Capital Region International,Lansing,MI,441.87,441.87,"6,720"
2024,211,HDN,Yampa Valley,Hayden,CO,459.5,459.5,"6,709"
2024,212,XWA,Williston Basin International,Williston,ND,595.08,595.08,"6,630"
2024,213,LNK,Lincoln Airport,Lincoln,NE,559.33,559.33,"6,629"
2024,214,USA,Concord Padgett Regional,Concord,NC,112.03,112.03,"6,582"
2024,215,SWF,New York Stewart International,Newburgh/Poughkeepsie,NY,163.54,163.54,"6,432"
2024,216,MBS,MBS International,Saginaw/Bay City/Midland,MI,575.67,575.67,"6,283"
2024,217,HTS,Tri-State/Milton J. Ferguson Field,Ashland,WV,260.9,260.9,"6,189"
2024,218,MLU,Monroe Regional,Monroe,LA,601.06,601.06,"6,137"
2024,219,GRK,Robert Gray AAF,Killeen,TX,576.2,576.2,"5,882"
2024,220,LBE,Arnold Palmer Regional,Latrobe,PA,139.7,139.7,"5,672"
2024,221,AZO,Kalamazoo/Battle Creek International,Kalamazoo,MI,495.71,495.71,"5,637"
2024,222,HLN,Helena Regional,Helena,MT,585.19,585.19,"5,609"
2024,223,ABI,Abilene Regional,Abilene,TX,590.56,590.56,"5,572"
2024,224,ELM,Elmira/Corning Regional,Elmira/Corning,NY,396.33,396.33,"5,534"
2024,225,CPR,Casper/Natrona County International,Casper,WY,591.61,591.61,"5,500"
2024,226,BET,Bethel Airport,Bethel,AK,420.66,420.66,"5,442"
2024,227,ACK,Nantucket Memorial,Nantucket,MA,321.21,321.21,"5,436"
2024,228,LCH,Lake Charles Regional,Lake Charles,LA,503.09,503.09,"5,431"
2024,229,GFK,Grand Forks International,Grand Forks,ND,523.67,523.67,"5,419"
2024,230,KTN,Ketchikan International,Ketchikan,AK,498.14,498.14,"5,377"
2024,231,CWA,Central Wisconsin,Mosinee,WI,558.16,558.16,"5,375"
2024,231,COU,Columbia Regional,Columbia,MO,636.87,636.87,"5,375"
2024,233,RDD,Redding Regional,Redding,CA,461.87,461.87,"5,149"
2024,234,EWN,Coastal Carolina Regional,New Bern/Morehead/Beaufort,NC,553.65,553.65,"5,024"
2024,235,AEX,Alexandria International,Alexandria,LA,631.45,631.45,"5,014"
2024,236,LYH,Lynchburg Regional/Preston Glenn Field,Lynchburg,VA,564.42,564.42,"4,980"
2024,237,MHK,Manhattan Regional,Manhattan/Ft. Riley,KS,561.36,561.36,"4,941"
2024,238,SUN,Friedman Memorial,Sun Valley/Hailey/Ketchum,ID,643.84,643.84,"4,889"
2024,239,CMI,University of Illinois/Willard,Champaign/Urbana,IL,592.51,592.51,"4,867"
2024,240,RST,Rochester International,Rochester,MN,504.91,504.91,"4,832"
2024,241,VRB,Vero Beach Regional,Vero Beach,FL,182.23,182.23,"4,646"
2024,242,GUM,Guam International,Guam,TT,1636.7,1636.7,"4,466"
2024,243,TOL,Eugene F Kranz Toledo Express,Toledo,OH,166.39,166.39,"4,355"
2024,244,IAG,Niagara Falls International,Niagara Falls,NY,168.63,168.63,"4,190"
2024,245,YUM,Yuma MCAS/Yuma International,Yuma,AZ,692.1,692.1,"4,071"
2024,246,PHF,Newport News/Williamsburg International,Newport News/Williamsburg,VA,550.19,550.19,"3,955"
2024,247,SCK,Stockton Metro,Stockton,CA,127.51,127.51,"3,948"
2024,248,ITH,Ithaca Tompkins International,Ithaca/Cortland,NY,498.84,498.84,"3,911"
2024,249,GRI,Central Nebraska Regional,Grand Island,NE,371.25,371.25,"3,849"
2024,250,PSM,Portsmouth International at Pease,Portsmouth,NH,201.51,201.51,"3,847"
2024,251,SIT,Sitka Rocky Gutierrez,Sitka,AK,462.11,462.11,"3,745"
2024,252,CLL,Easterwood Field,College Station/Bryan,TX,557.32,557.32,"3,669"
2024,253,PUW,Pullman Moscow Regional,Pullman,WA,478.2,478.2,"3,643"
2024,254,HHH,Hilton Head Airport,Hilton Head,SC,425.25,425.25,"3,578"
2024,255,FLG,Flagstaff Pulliam,Flagstaff,AZ,646.65,646.65,"3,507"
2024,256,ADQ,Kodiak Airport,Kodiak,AK,546.04,546.04,"3,500"
2024,257,SPI,Abraham Lincoln Capital,Springfield,IL,238.17,238.17,"3,455"
2024,258,LWS,Lewiston Nez Perce County,Lewiston,ID,519.1,519.1,"3,448"
2024,259,SBY,Salisbury-Ocean City/Wicomico Regional,Salisbury,MD,690.53,690.53,"3,343"
2024,260,TYR,Tyler Pounds Regional,Tyler,TX,606.36,606.36,"3,286"
2024,261,ACT,Waco Regional,Waco,TX,586.68,586.68,"3,244"
2024,262,MVY,Martha's Vineyard Airport,Martha's Vineyard,MA,330.41,330.41,"3,230"
2024,263,FSM,Fort Smith Regional,Fort Smith,AR,679.13,679.13,"3,187"
2024,264,CSG,Columbus Airport,Columbus,GA,610.75,610.75,"3,020"
2024,265,ERI,Erie International/Tom Ridge Field,Erie,PA,523.03,523.03,"2,916"
2024,266,VLD,Valdosta Regional,Valdosta,GA,677.86,677.86,"2,803"
2024,267,HGR,Hagerstown Regional-Richard A. Henson Field,Hagerstown,MD,116.81,116.81,"2,783"
2024,268,SJT,San Angelo Regional/Mathis Field,San Angelo,TX,749.89,749.89,"2,754"
2024,269,ROW,Roswell Air Center,Roswell,NM,549.95,549.95,"2,702"
2024,270,EAT,Pangborn Memorial,Wenatchee,WA,552.7,552.7,"2,587"
2024,271,PGV,Pitt Greenville,Greenville,NC,507.41,507.41,"2,490"
2024,272,YKM,Yakima Air Terminal/McAllister Field,Yakima,WA,575.41,575.41,"2,476"
2024,273,GTR,Golden Triangle Regional,Columbus,MS,668.6,668.6,"2,412"
2024,274,LAW,Lawton-Fort Sill Regional,Lawton/Fort Sill,OK,545.73,545.73,"2,405"
2024,275,TXK,Texarkana Regional-Webb Field,Texarkana,AR,570.15,570.15,"2,325"
2024,276,MQT,Marquette Sawyer Regional,Marquette,MI,609.06,609.06,"2,316"
2024,277,OME,Nome Airport,Nome,AK,558.65,558.65,"2,311"
2024,278,CKB,North Central West Virginia,Clarksburg/Fairmont,WV,200.41,200.41,"2,195"
2024,279,GGG,East Texas Regional,Longview,TX,547.9,547.9,"2,190"
2024,280,BPT,Jack Brooks Regional,Beaumont/Port Arthur,TX,491.82,491.82,"2,120"
2024,281,OTZ,Ralph Wien Memorial,Kotzebue,AK,524.71,524.71,"2,107"
2024,282,SWO,Stillwater Regional,Stillwater,OK,524.09,524.09,"2,029"
2024,283,SLE,McNary Field,Salem,OR,143.14,143.14,"1,979"
2024,284,ALW,Walla Walla Regional,Walla Walla,WA,508.21,508.21,"1,977"
2024,285,DHN,Dothan Regional,Dothan,AL,816.91,816.91,"1,974"
2024,286,PPG,Pago Pago International,Pago Pago,TT,1282.8,1282.8,"1,942"
2024,287,LSE,La Crosse Regional,La Crosse,WI,643.32,643.32,"1,939"
2024,288,SCC,Deadhorse Airport,Deadhorse,AK,531.62,531.62,"1,933"
2024,289,BRW,Wiley Post/Will Rogers Memorial,Barrow,AK,514.41,514.41,"1,914"
2024,290,SPS,Sheppard AFB/Wichita Falls Municipal,Wichita Falls,TX,534.47,534.47,"1,907"
2024,291,BQK,Brunswick Golden Isles,Brunswick,GA,609.7,609.7,"1,856"
2024,292,TWF,Joslin Field - Magic Valley Regional,Twin Falls,ID,758.8,758.8,"1,848"
2024,293,BGM,Greater Binghamton/Edwin A. Link Field,Binghamton,NY,408.22,408.22,"1,769"
2024,294,CYS,Cheyenne Regional/Jerry Olson Field,Cheyenne,WY,557.76,557.76,"1,741"
2024,295,BJI,Bemidji Regional,Bemidji,MN,688.12,688.12,"1,737"
2024,296,STC,St. Cloud Regional,St. Cloud,MN,211.22,211.22,"1,726"
2024,297,GUC,Gunnison-Crested Butte Regional,Gunnison,CO,642.22,642.22,"1,725"
2024,298,ABY,Southwest Georgia Regional,Albany,GA,764.48,764.48,"1,697"
2024,299,CIU,Chippewa County International,Sault Ste. Marie,MI,693.69,693.69,"1,670"
2024,300,GCC,Northeast Wyoming Regional,Gillette,WY,653.76,653.76,"1,653"
2024,301,COD,Yellowstone Regional,Cody,WY,671.46,671.46,"1,631"
2024,302,GCK,Garden City Regional,Garden City,KS,593.41,593.41,"1,613"
2024,303,FLO,Florence Regional,Florence,SC,536.43,536.43,"1,496"
2024,304,SHR,Sheridan County,Sheridan,WY,685.84,685.84,"1,488"
2024,305,ART,Watertown International,Watertown,NY,427.41,427.41,"1,484"
2024,306,HOB,Lea County Regional,Hobbs,NM,476.09,476.09,"1,481"
2024,307,DIK,Dickinson - Theodore Roosevelt Regional,Dickinson,ND,583.95,583.95,"1,442"
2024,308,RHI,Rhinelander/Oneida County,Rhinelander,WI,721.09,721.09,"1,431"
2024,309,PLN,Pellston Regional Airport of Emmet County,Pellston,MI,732.45,732.45,"1,430"
2024,310,ABR,Aberdeen Regional,Aberdeen,SD,725.58,725.58,"1,417"
2024,311,PIH,Pocatello Regional,Pocatello,ID,780.07,780.07,"1,386"
2024,312,DLG,Dillingham Airport,Dillingham,AK,541.95,541.95,"1,385"
2024,313,LAL,Lakeland Linder International,Lakeland,FL,137.37,137.37,"1,361"
2024,314,SPN,Francisco C. Ada Saipan International,Saipan,TT,612.12,612.12,"1,357"
2024,315,PQI,Presque Isle International,Presque Isle/Houlton,ME,426.83,426.83,"1,349"
2024,316,SBD,San Bernardino International,San Bernardino,CA,118.14,118.14,"1,217"
2024,317,EAU,Chippewa Valley Regional,Eau Claire,WI,207.91,207.91,"1,210"
2024,318,RKS,Southwest Wyoming Regional,Rock Springs,WY,573.51,573.51,"1,198"
2024,319,IMT,Ford,Iron Mountain/Kingsfd,MI,623.38,623.38,"1,197"
2024,320,RIW,Central Wyoming Regional,Riverton/Lander,WY,594.08,594.08,"1,179"
2024,321,OGD,Ogden-Hinckley,Ogden,UT,123.32,123.32,"1,155"
2024,322,CMX,Houghton County Memorial,Hancock/Houghton,MI,630.5,630.5,"1,092"
2024,323,SUX,Sioux Gateway Brig Gen Bud Day Field,Sioux City,IA,497.55,497.55,"1,055"
2024,324,PSG,Petersburg James A Johnson,Petersburg,AK,489.85,489.85,"1,000"
2024,325,BRD,Brainerd Lakes Regional,Brainerd,MN,651.88,651.88,964
2024,326,LAR,Laramie Regional,Laramie,WY,506.81,506.81,961
2024,327,AKN,King Salmon Airport,King Salmon,AK,555.67,555.67,959
2024,328,ESC,Delta County,Escanaba,MI,581.65,581.65,951
2024,329,HYA,Cape Cod Gateway,Hyannis,MA,305.27,305.27,950
2024,330,LBF,North Platte Regional Airport Lee Bird Field,North Platte,NE,506.21,506.21,919
2024,331,BTM,Bert Mooney,Butte,MT,617.47,617.47,907
2024,332,MEI,Key Field,Meridian,MS,521.52,521.52,844
2024,333,JST,John Murtha Johnstown-Cambria County,Johnstown,PA,512.98,512.98,813
2024,334,CDV,Merle K Mudhole Smith,Cordova,AK,479.88,479.88,811
2024,335,VCT,Victoria Regional,Victoria,TX,525.58,525.58,783
2024,336,OTH,Southwest Oregon Regional,North Bend/Coos Bay,OR,529.41,529.41,780
2024,337,EKO,Elko Regional,Elko,NV,795.48,795.48,773
2024,338,SLN,Salina Regional,Salina,KS,459.32,459.32,764
2024,339,SMX,Santa Maria Public/Capt. G. Allan Hancock Field,Santa Maria,CA,113.8,113.8,739
2024,340,HYS,Hays Regional,Hays,KS,475.97,475.97,735
2024,341,CDC,Cedar City Regional,Cedar City,UT,541.64,541.64,732
2024,342,APN,Alpena County Regional,Alpena,MI,688.07,688.07,707
2024,343,JLN,Joplin Regional,Joplin,MO,477.35,477.35,681
2024,344,HIB,Range Regional,Hibbing,MN,660.57,660.57,660
2024,345,BFF,Western Neb. Regional/William B. Heilig Field,Scottsbluff,NE,491.5,491.5,635
2024,346,WRG,Wrangell Airport,Wrangell,AK,528.71,528.71,631
2024,347,EAR,Kearney Regional,Kearney,NE,622.12,622.12,618
2024,348,DEC,Decatur Airport,Decatur,IL,470.43,470.43,596
2024,349,INL,Falls International Einarson Field,International Falls,MN,666.32,666.32,580
2024,350,PRC,Prescott Regional Ernest A Love Field,Prescott,AZ,625.42,625.42,525
2024,351,PIR,Pierre Regional,Pierre,SD,703.09,703.09,507
2024,352,ALO,Waterloo Regional,Waterloo,IA,524.99,524.99,493
2024,353,PIB,Hattiesburg-Laurel Regional,Hattiesburg/Laurel,MS,546.33,546.33,484
2024,354,JMS,Jamestown Regional,Jamestown,ND,499.19,499.19,407
2024,355,DVL,Devils Lake Regional,Devils Lake,ND,473.65,473.65,390
2024,356,DBQ,Dubuque Regional,Dubuque,IA,274.76,274.76,388
2024,357,LBL,Liberal Mid-America Regional,Liberal,KS,445.1,445.1,386
2024,358,DDC,Dodge City Regional,Dodge City,KS,418.71,418.71,384
2024,359,PAH,Barkley Regional,Paducah,KY,666.23,666.23,376
2024,360,BFM,Mobile International,Mobile,AL,97.08,97.08,371
2024,361,YAK,Yakutat Airport,Yakutat,AK,550.91,550.91,370
2024,362,SHD,Shenandoah Valley Regional,Staunton,VA,597.02,597.02,349
2024,363,LNS,Lancaster Airport,Lancaster,PA,251.07,251.07,320
2024,364,VEL,Vernal Regional,Vernal,UT,540.22,540.22,303
2024,365,FOD,Fort Dodge Regional,Fort Dodge,IA,427.2,427.2,298
2024,366,BIH,Bishop Airport,Bishop,CA,474.81,474.81,296
2024,367,ALS,San Luis Valley Regional/Bergman Field,Alamosa,CO,575.45,575.45,295
2024,368,ATY,Watertown Regional,Watertown,SD,555.8,555.8,281
2024,369,WYS,Yellowstone,West Yellowstone,MT,484.59,484.59,259
2024,370,CVN,Clovis Regional,Clovis,NM,616.17,616.17,247
2024,371,CNY,Canyonlands Regional,Moab,UT,430.23,430.23,241
2024,372,LWB,Greenbrier Valley,Lewisburg,WV,533.68,533.68,236
2024,373,LEB,Lebanon Municipal,Lebanon-Hanover,NH,492.05,492.05,231
2024,374,MWA,Veterans Airport of Southern Illinois,Marion/Herrin,IL,507.19,507.19,227
2024,375,MCW,Mason City Municipal,Mason City,IA,426.16,426.16,219
2024,376,BKW,Raleigh County Memorial,Beckley,WV,624.11,624.11,206
2024,377,OGS,Ogdensburg International,Ogdensburg,NY,340.73,340.73,204
2024,378,MGW,Morgantown Municipal Walter L Bill Hart Field,Morgantown,WV,508.94,508.94,201
2024,379,BHB,Hancock County-Bar Harbor,Bar Harbor,ME,548.43,548.43,193
2024,380,TBN,Waynesville-St. Robert Regional Forney Field,Fort Leonard Wood,MO,450.42,450.42,177
2024,381,PKB,Mid-Ohio Valley Regional,Parkersburg,WV,600.55,600.55,174
2024,382,GST,Gustavus Airport,Gustavus,AK,240.72,240.72,162
2024,382,TEX,Telluride Regional,Telluride,CO,780.71,780.71,162
2024,384,AUG,Augusta State,Augusta/Waterville,ME,517.89,517.89,161
2024,385,CGI,Cape Girardeau Regional,Cape Girardeau,MO,537.16,537.16,155
2024,386,RKD,Knox County Regional,Rockland,ME,554.12,554.12,152
2024,387,IWD,Gogebic-Iron County,Ironwood,MI,514.46,514.46,148
2024,388,MBL,Manistee County-Blacker,Manistee/Ludington,MI,477.02,477.02,145
2024,389,PGA,Page Municipal,Page,AZ,441.02,441.02,143
2024,390,IPL,Imperial County,El Centro,CA,439.48,439.48,141
2024,391,DUJ,DuBois Regional,DuBois,PA,489.84,489.84,140
2024,392,AOO,Altoona-Blair County,Altoona,PA,576.27,576.27,134
2024,393,IRK,Kirksville Regional,Kirksville,MO,492.34,492.34,133
2024,394,OWB,Owensboro Daviess County Regional,Owensboro,KY,510.15,510.15,129
2024,395,LAF,Purdue University,Lafayette,IN,577.48,577.48,128
2024,396,TUP,Tupelo Regional,Tupelo,MS,512.57,512.57,126
2024,397,RUT,Rutland - Southern Vermont Regional,Rutland,VT,452.56,452.56,124
2024,398,MKG,Muskegon County,Muskegon,MI,467.21,467.21,107
2024,399,BKG,Branson Airport,Branson,MO,94.88,94.88,105
2024,399,UIN,Quincy Regional-Baldwin Field,Quincy,IL,473.41,473.41,105
2024,401,CEZ,Cortez Municipal,Cortez,CO,535.83,535.83,98
2024,402,BRL,Southeast Iowa Regional,Burlington,IA,462.77,462.77,96
2024,402,TVF,Thief River Falls Regional,Thief River Falls,MN,603.39,603.39,96
2024,404,PVC,Provincetown Municipal,Provincetown,MA,593.98,593.98,94
2024,405,AIA,Alliance Municipal,Alliance,NE,576.59,576.59,92
2024,406,MSL,Northwest Alabama Regional,Muscle Shoals,AL,522.51,522.51,91
2024,407,PUB,Pueblo Memorial,Pueblo,CO,412.91,412.91,86
2024,407,SLK,Adirondack Regional,Saranac Lake/Lake Placid,NY,529.28,529.28,86
2024,409,MCK,McCook Ben Nelson Regional,McCook,NE,509.9,509.9,67
2024,409,SDY,Sidney Richland Regional,Sidney,MT,573.06,573.06,67
2024,411,HOM,Homer Airport,Homer,AK,716.15,716.15,66
2024,412,DUT,Unalaska Airport,Unalaska,AK,1321.86,1321.86,64
2024,413,BFD,Bradford Regional,Bradford,PA,542.58,542.58,62
2024,413,SOW,Show Low Regional,Show Low,AZ,507.47,507.47,62
2024,415,GLH,Greenville Mid Delta,Greenville,MS,582.79,582.79,61
2024,416,VQS,Antonio Rivera Rodriguez,Vieques,PR,634.31,634.31,59
2024,417,ADK,Adak,Adak Island,AK,825.72,825.72,57
2024,417,MAZ,Eugenio Maria de Hostos,Mayaguez,PR,565.04,565.04,57
2024,419,MSS,Massena International-Richards Field,Massena,NY,494.1,494.1,52
2024,420,MKK,Molokai,Hoolehua,HI,433.41,433.41,39
2024,420,HOT,Memorial Field,Hot Springs,AR,543.77,543.77,39
2024,420,IPT,Williamsport Regional,Williamsport,PA,480.9,480.9,39
2024,423,HRO,Boone County,Harrison,AR,497.9,497.9,30
2024,424,CDR,Chadron Municipal,Chadron,NE,456.72,456.72,29
2024,424,GDV,Dawson Community,Glendive,MT,579.17,579.17,29
2024,426,ELD,South Arkansas Regional at Goodwin Field,El Dorado,AR,461.79,461.79,24
2024,427,JBR,Jonesboro Municipal,Jonesboro,AR,448.55,448.55,20
2024,428,OLF,L. M. Clayton,Wolf Point,MT,506.95,506.95,19
2024,429,PDT,Eastern Oregon Regional at Pendleton,Pendleton,OR,522.47,522.47,17
2024,429,MKL,McKellar-Sipes Regional,Jackson,TN,613.71,613.71,17
2024,431,LNY,Lanai Airport,Lanai,HI,490.13,490.13,16
2024,432,CPX,Benjamin Rivera Noriega,Culebra,PR,395.4,395.4,15
2024,433,HVR,Havre City-County,Havre,MT,597.29,597.29,14
2024,434,GGW,Wokal Field Glasgow Valley County,Glasgow,MT,675.83,675.83,12
2024,434,VDZ,Valdez Pioneer Field,Valdez,AK,861.67,861.67,12
2024,436,JHM,Kapalua Airport,Kapalua,HI,900.83,900.83,6
2024,436,SGY,Skagway Airport,Skagway,AK,797.5,797.5,6
2024,438,CDB,Cold Bay Airport,Cold Bay,AK,1038.4,1038.4,5
2024,439,UNK,Unalakleet Airport,Unalakleet,AK,1405.5,1405.5,2
2024,439,SNP,St. Paul Island,St. Paul,AK,1776,1776,2
2024,439,KSM,St. Mary's Airport,St. Mary's,AK,861.5,861.5,2
2024,439,MCN,Middle Georgia Regional,Macon,GA,429,429,2
2024,443,PEC,Pelican Seaplane Base,Pelican,AK,681,681,1
2024,443,SDP,Sand Point,Sandpoint,AK,1362,1362,1